Product_ID,Product_Category,Brand_Tier,Unit_Price,Discount_Percentage,Advertising_Spend,Competitor_Price,Store_Coverage_Count,Customer_Rating,Inventory_Availability_Percentage,Monthly_Units_Sold
PID000001,Beauty & Personal Care,Premium,58.46,1.7,9748.7,47.46,88,4.3,87.9,389
PID000002,Grocery,Mid-range,15.98,17.9,5279.12,48.54,215,3.8,99.5,450
PID000003,Beauty & Personal Care,Budget,16.35,17.7,5165.84,59.57,481,3.5,96.7,594
PID000004,Grocery,Mid-range,11.31,34,5369.59,79.49,130,3.9,89.8,490
PID000005,Home & Kitchen,Budget,40.62,27,1863.59,33.38,526,3.5,81.8,362
PID000006,Beauty & Personal Care,Budget,29.21,14.5,2634.04,79.68,387,3.8,100,479
PID000007,Beauty & Personal Care,Mid-range,24.04,12.8,5529.69,21.43,161,3.3,100,175
PID000008,Apparel,Mid-range,36.91,18,4279.43,18.06,352,3.8,85.9,310
PID000009,Home & Kitchen,Mid-range,86.04,17,11491.4,72.93,376,3.7,75.9,646
PID000010,Toys & Games,Premium,66.47,11.3,4233.72,16.6,150,3.8,73.8,59
PID000011,Toys & Games,Mid-range,18.91,5.9,2384.03,92.81,323,4.1,98.4,315
PID000012,Electronics,Premium,416.14,10,5009.46,41.12,87,4.3,81.3,37
PID000013,Electronics,Budget,216.19,13,7218.56,104.98,344,2.8,73.4,130
PID000014,Electronics,Premium,283.74,9.2,1719.35,200.38,159,4.4,77.2,123
PID000015,Home & Kitchen,Mid-range,38.14,15.3,6784.14,62.67,220,4.1,100,511
PID000016,Home & Kitchen,Mid-range,66.26,34.8,3791.15,95.77,257,4.2,64,431
PID000017,Electronics,Premium,395.93,8,6731.4,224.56,105,4.5,88.5,335
PID000018,Electronics,Mid-range,293.22,1.6,3049.25,449.71,202,4,100,430
PID000019,Apparel,Mid-range,40.7,26.5,4346.01,37.52,185,3.9,100,437
PID000020,Grocery,Mid-range,19.91,3.6,6902.09,100.29,375,3.9,78.3,398
PID000021,Electronics,Midrange,225.34,37.5,4622.5,476.12,275,3.9,91.7,842
PID000022,Toys & Games,Budget,32.01,12.7,2962.4,70.45,385,3.7,92.4,326
PID000023,Electronics,Mid-range,291.62,21.6,3582.11,83.49,262,2.8,82,5
PID000024,Furniture,Mid-range,402.92,11.3,4011.85,313.81,353,3.8,97.5,408
PID000025,Apparel,Premium,39.77,13,1762.84,25.14,121,4,88,206
PID000026,Electronics,Mid-range,322.96,8.3,1288.65,175.79,289,3.5,75.7,5
PID000027,Beauty & Personal Care,Premium,58.68,5.3,5777.79,79.38,117,3.8,74.1,224
PID000028,Sports & Fitness,Mid-range,40.58,13.9,4250.18,27.13,251,3.9,87,279
PID000029,Sports & Fitness,Budget,59.73,25.2,2714.34,99.47,465,3.6,65.6,273
PID000030,Sports & Fitness,Premium,107.79,,8864.44,19.19,152,4.5,84.8,384
PID000031,Home & Kitchen,Premium,106.1,7.9,2989.23,170.59,192,4.7,79.1,362
PID000032,Toys & Games,Mid-range,20.84,15.7,5967.27,157.77,310,3.5,82.1,376
PID000033,Apparel,Budget,40.49,3.7,3307.75,85.3,329,3.8,100,299
PID000034,Electronics,Budget,155.73,29.6,2878.17,299.33,351,3.1,89.4,484
PID000035,Apparel,Mid-range,49.61,26.9,7478.89,92.39,132,3,89.4,343
PID000036,,Premium,24.06,5.7,,150.05,121,4.2,76.2,217
PID000037,Home & Kitchen,Mid-range,95.77,5.8,7262.05,147.07,125,4.5,88.6,475
PID000038,Electronics,Premium,512.31,2.6,5819.93,339.47,112,4.5,82.9,279
PID000039,Toys & Games,Budget,16.43,38.4,4162.65,16.6,231,3.8,78.8,354
PID000040,Home & Kitchen,Mid-range,52.03,37.5,5382.46,137.45,242,3.8,100,642
PID000041,Apparel,Mid-range,23.66,11.6,2551.44,56.74,245,4,94.9,315
PID000042,Electronics,Mid-range,256.79,12,3336.15,211.48,144,3.2,89.9,135
PID000043,Sports & Fitness,Mid-range,33.34,7.1,3011.86,110.79,379,4.3,62.9,287
PID000044,Sports & Fitness,Mid-range,76.71,27.4,150,149.1,320,3.1,100,342
PID000045,Toys & Games,Budget,37.09,29.9,4844.2,40.43,447,3.3,73.4,305
PID000046,Beauty & Personal Care,Budget,23.57,17.1,5820.78,170.03,242,3.7,85.9,528
PID000047,Furniture,Mid-range,273.52,3.2,150,427.95,236,3.2,85.9,93
PID000048,Beauty & Personal Care,Budget,29.77,30.8,1326.88,147.31,424,2.7,93.4,363
PID000049,Beauty & Personal Care,Mid-range,9.89,38.2,5700.42,77.81,243,3.6,84.5,668
PID000050,Toys & Games,Mid-range,27.6,3.3,5119.35,42.97,136,4.4,100,390
PID000051,Toys & Games,Mid-range,32.5,10.3,3314.63,42.13,197,3.5,82.9,101
PID000052,Furniture,Mid-range,266.48,18,4764.45,224.43,292,3.8,100,488
PID000053,Beauty & Personal Care,Budget,18.87,15.6,1854.67,16.15,505,3.4,68.9,155
PID000054,Apparel,Mid-range,27.23,13.9,2755.29,18.06,311,4.6,97.3,430
PID000055,Apparel,Mid-range,45.08,22.6,6474.42,98.29,332,3.4,74.8,353
PID000056,Sports & Fitness,,83.56,13.7,2017.53,19.19,322,3.8,84.2,155
PID000057,Toys & Games,Budget,26.23,22.2,4608.99,85.02,512,4,82.8,475
PID000058,Toys & Games,Premium,44.33,7.9,997.41,68.72,135,4.7,89.9,186
PID000059,Electronics,Mid-range,242.07,12.5,3237.37,233.58,179,2.8,89.2,23
PID000060,Electronics,PREMIUM,264.66,5.1,9583.02,86.9,177,3.6,80.5,213
PID000061,Home & Kitchen,Premium,151.25,7.7,6375.81,130.26,150,4.1,92.1,416
PID000062,Toys & Games,Premium,51.15,,6158.11,47.39,196,4.3,95.1,335
PID000063,Apparel,Budget,26.04,24.9,,95.41,592,3.8,87.1,543
PID000064,Beauty & Personal Care,Premium,74.51,5.6,2910.92,16.15,140,3.8,88.6,108
PID000065,Home & Kitchen,Budget,28.21,40.3,3115.68,90.65,346,3.4,92.7,523
PID000066,Electronics,Mid-range,290.27,11.7,4014.44,219.33,341,3.6,81.6,243
PID000067,Grocery,Mid-range,30.79,16.5,1798.9,32.12,307,3.6,92.9,160
PID000068,Toys & Games,Premium,,,5489.55,53.51,123,4.5,132.8,378
PID000069,Furniture,Premium,796.42,16.3,1372.07,49,172,4.6,100,5
PID000070,Grocery,Budget,6.08,21.7,3708.25,41.08,415,3.5,87.5,304
PID000071,Beauty & Personal Care,Mid-range,18.2,20.6,3269.58,120.97,341,3.6,87.8,424
PID000072,,Budget,,23.9,1891.77,206.3,559,3.6,81,295
PID000073,Grocery,Budget,11.77,26.5,4751.04,46.76,220,3.7,94.6,403
PID000074,Sports & Fitness,Mid-range,31.84,13.3,3736.6,124.85,296,3.5,88.5,272
PID000075,Furniture,Mid-range,325.51,4.9,7623.88,49,363,4.2,85.3,329
PID000076,Apparel,Budget,17.4,7.3,2548.74,18.27,441,3.3,89,183
PID000077,Grocery,Premium,41.84,5.3,7622.27,42.32,207,4.5,74.5,371
PID000078,Furniture,Premium,274.6,5.4,,323.64,132,,73.2,276
PID000079,Home & Kitchen,Mid-range,84.74,23,6067.25,90.34,200,3.5,74.5,367
PID000080,Toys & Games,Premium,59.61,8.4,5044.93,16.6,112,4.4,94.8,244
PID000081,Grocery,Budget,19.84,5.2,1219.67,96.18,245,3.6,68.7,89
PID000082,Beauty & Personal Care,Mid-range,17.19,8.6,1519.59,57.54,253,4.1,83.4,219
PID000083,Apparel,Budget,27.84,24.2,2980.13,18.06,331,4.2,79.3,347
PID000084,Apparel,Budget,29.48,16.7,4972.99,76.82,402,3.5,75.2,381
PID000085,Toys & Games,Mid-range,45.27,18.1,3986.06,82.91,355,3.9,77,291
PID000086,Grocery,Mid-range,26.57,23.1,5433.11,113.22,155,4.2,79.5,393
PID000087,Electronics,Premium,240.14,5.4,5193.46,41.12,146,4.4,82.8,203
PID000088,Grocery,Budget,9.96,47.3,150,64.73,234,3.4,77.7,198
PID000089,Home & Kitchen,Premium,132.2,12.4,4603.19,46.05,73,3.5,94.4,121
PID000090,Grocery,Premium,22.2,4.7,4153.22,67.09,207,5,65,334
PID000091,Grocery,Budget,9.5,5.5,1595.72,78.04,503,3.3,74.2,242
PID000092,,Mid-range,32.19,18.4,6003.56,38.1,257,3.3,91.6,291
PID000093,Sports & Fitness,Premium,42.14,7.3,4747.68,68.36,204,4.3,82.4,341
PID000094,Grocery,Mid-range,9.95,6.2,5455.87,16.39,335,3.2,80.2,185
PID000095,Apparel,Premium,34.59,10.2,5317.68,21.44,77,4.4,79.7,243
PID000096,Toys & Games,Budgett,22.59,45.7,150,64.47,401,3,93.3,258
PID000097,Apparel,Mid-range,23.85,13.4,3885.47,43,169,4.2,95.5,365
PID000098,Electronics,Mid-range,132.46,12.4,5528.87,77.39,320,3.4,72.1,219
PID000099,Grocery,Budget,10.2,7.3,2845.99,86.53,430,3.1,90.6,276
PID000100,Toys & Games,Mid-range,27.36,17.7,4380.72,33.59,156,3.2,86.4,170
PID000101,Toys & Games,Budget,16.03,25.6,2336.07,81.2,255,3.6,74,241
PID000102,Sports & Fitness,Mid-range,42.38,14.1,2927.25,114.07,320,4,85.7,345
PID000103,Sports & Fitness,Mid-range,29.21,23.8,5858.47,62.99,355,3.9,100,568
PID000104,Grocery,MID-RANGE,19.98,9.2,,61.68,263,4.3,79.8,243
PID000105,Beauty & Personal Care,Mid-range,37.44,11.7,2599.86,93.19,206,3.6,94.2,252
PID000106,Apparel,Mid-range,28.57,11.4,2010.97,60.12,318,3.6,100,267
PID000107,Apparel,Budget,9.82,25.9,2071.44,66.01,411,3.7,78.7,359
PID000108,Sports & Fitness,Mid-range,70.06,2.1,2261.37,141.62,271,3.7,82.2,121
PID000109,Apparel,Mid-range,,20.4,3939.14,129.86,361,4.3,76,472
PID000110,Apparel,Budget,26.76,52.7,4137.12,59.97,457,3.9,84.6,638
PID000111,Toys & Games,Budget,16.04,8.6,1675.6,64.27,304,3.7,78.4,57
PID000112,Beauty & Personal Care,Premium,29.21,10.3,8085.2,82.75,192,5,83.8,642
PID000113,Electronics,Premium,353.84,2.4,7092.7,137.88,132,4.1,98.4,275
PID000114,Grocery,Budget,13.66,28.4,4012.19,126.58,484,3.3,90.5,482
PID000115,Grocery,Budget,10.99,29.8,3726.32,15.02,496,4.3,75.6,500
PID000116,toys & games,Budget,21.34,40.5,3608.63,16.6,465,3.1,81.9,320
PID000117,Beauty & Personal Care,Mid-range,33.23,16.4,4147.69,16.15,126,4.6,93.7,460
PID000118,Home & Kitchen,Mid-range,74.31,17.7,2360.21,76.14,325,3.8,89.3,340
PID000119,Apparrel,Premium,64.52,4.6,6317.57,24.46,110,4.6,75.1,218
PID000120,Sports & Fitness,Mid-range,22.45,23.6,2523.54,92.85,371,,61.9,264
PID000121,Toys & Games,Premium,33.29,4.8,4272.38,45.88,196,4.1,89,286
PID000122,Electronics,Premium,420.42,19.8,3577.28,158.54,168,4.4,96.7,299
PID000123,Sports & Fitness,Mid-range,54.29,17.2,5729.6,141.17,366,,85.9,603
PID000124,Apparel,Mid-range,41.95,5.9,,107.06,241,4.3,86.1,465
PID000125,Home & Kitchen,Budget,34.79,29.7,2335.28,72.46,405,3.6,,384
PID000126,Home & Kitchen,Premium,75.15,6.8,,143.64,124,4.7,71.6,516
PID000127,Furniture,Premium,399.92,4.4,3962.39,438.68,77,4.5,69.1,276
PID000128,Apparel,Budget,26.24,25.2,3264.38,38.26,397,3.9,88.3,385
PID000129,Sports & Fitness,Premium,85.19,12.3,1565.11,19.19,97,4.2,94,124
PID000130,Grocery,Premium,31.01,2.3,7244.28,62.35,164,4.1,100,384
PID000131,Apparel,Mid-range,44.01,19.1,1467.84,99.1,202,3.6,89.6,246
PID000132,Apparel,Budget,41.76,21.1,3966.82,93.13,598,3.5,85.4,482
PID000133,Apparel,Premium,63.97,5.8,4528.67,79.79,143,5,76.6,379
PID000134,Toys & Games,Mid-range,34.46,9.8,5081.28,48.19,371,3.9,86.2,371
PID000135,Beauty & Personal Care,Premeium,17.38,7.4,7121.13,16.15,106,4,81.7,389
PID000136,Apparel,Mid-range,52.21,13.4,1325.9,86.81,141,3.7,94.6,131
PID000137,Sports & Fitness,Mid-range,61.09,4.7,2911.58,150.63,274,3.7,95.3,277
PID000138,Furniture,Budget,159.83,17.4,2472.86,482.32,402,3.8,78.1,658
PID000139,Electronics,Mid-range,269.76,32,1463.35,222.22,133,3.3,91.2,128
PID000140,Electronics,Budget,65.01,21.2,6627.73,287.16,312,3.8,92.4,768
PID000141,Beauty & Personal Care,Mid-range,18.2,8.2,1916.79,16.15,137,3.8,80.8,18
PID000142,Electronics,Premium,426.98,10.2,3416.52,236.7,149,4.6,82.1,243
PID000143,Toys & Games,Premium,45.07,3.8,6282.86,63.8,155,,84.8,295
PID000144,Home & Kitchen,Premium,73.75,18.4,7063.51,149.68,161,4.8,90.4,691
PID000145,Apparel,Mid-range,40.78,14.4,2629.87,26.54,228,4.6,78.1,262
PID000146,Electronics,Mid-range,286,14.6,6268.13,182.66,370,3,72.7,251
PID000147,Sports & Fitness,Mid-range,92.43,6,3459.38,130.38,378,3.7,88.8,332
PID000148,Furniture,Premium,647.1,8.4,2518.28,451.94,107,5,100,393
PID000149,Toys & Games,Mid-range,29.9,11.6,3766.11,104.87,319,3.2,87.1,259
PID000150,Toys & Games,Mid-range,26.98,20.1,4531.35,103.31,220,3.8,84.2,354
PID000151,Furniture,Premium,470.44,14.5,7708.66,49,64,4.7,91,264
PID000152,Grocery,Mid-range,32.34,5,4602.27,59.37,213,4.6,82.8,441
PID000153,Grocery,Mid-range,13.06,31.7,3312.23,87.82,209,4.4,79.2,412
PID000154,Electronics,Premium,416.19,3.3,4202.5,417.11,199,4.1,93.7,494
PID000155,Home & Kitchen,Mid-range,57.98,31.5,6176.86,156.62,335,3.6,86.2,564
PID000156,Furniture,Mid-range,254.53,33.3,1324.98,298.98,348,3.7,83,357
PID000157,Home & Kitchen,Premium,120.11,7,6536.53,180.65,67,4.5,68.5,351
PID000158,Furniture,Premium,,6.6,3197.04,49,132,,61.9,5
PID000159,Electronics,Budget,113.8,18.6,3708.88,205.5,396,3.4,90.5,492
PID000160,Apparel,Budget,27.56,8.6,4771.61,124.54,514,2.9,89.8,410
PID000161,Apparel,Budget,40.64,3.1,3979.44,158.35,588,2.7,82.4,259
PID000162,Toys & Games,Budget,14.23,,8085.08,33.45,523,3.6,96.7,789
PID000163,Beauty & Personal Care,Mid-range,12.65,18.8,3539.38,32.52,154,3.9,75.8,146
PID000164,Home & Kitchen,Budget,38.17,50.2,4316.94,20.31,287,3.4,82.7,458
PID000165,Apparel,Budget,15.77,47.3,2622.72,49.44,259,3.8,85.6,460
PID000166,Home & Kitchen,Budget,31.79,7.1,4366.09,139.02,239,3,73.8,69
PID000167,Home & Kitchen,Budget,60.19,13.1,1666.34,46.35,432,3.2,85.9,146
PID000168,Apparel,Premium,48.17,11,5990.76,33.04,112,4,76.9,204
PID000169,Grocery,Premium,30.74,18,5749.32,53.67,208,3.9,69.5,253
PID000170,Apparel,Budget,16.94,47,2824.14,69.79,562,3.9,61.7,564
PID000171,Apparel,Mid-range,40.53,24.5,6171.66,127.95,194,4.2,64.3,370
PID000172,,Mid-range,26.94,20.7,5005.69,151.83,326,3.6,100,488
PID000173,Sports & Fitness,Premium,71.52,7.9,6282.42,88.25,130,3.6,90,297
PID000174,Toys & Games,Premium,57.72,8.5,2206.12,21.85,140,4.1,80.6,101
PID000175,Apparel,Premium,36.92,5.9,150,52.64,119,4.2,84,121
PID000176,Furniture,Mid-range,277.76,30,5066.45,335.42,261,3.5,99.7,597
PID000177,Apparel,Budget,10.11,9.1,2579.04,38.83,242,3.1,87.9,5
PID000178,Sports & Fitness,Mid-range,60.25,16.6,4612.68,126.48,308,4,75.6,371
PID000179,Grocery,Budget,11.23,44.3,3164.27,30.43,570,3.3,67.1,364
PID000180,Apparel,Budget,20.64,15.4,2415.01,58.21,545,3.4,98.9,449
PID000181,Home & Kitchen,Budget,30.28,28.7,3073.74,117.58,528,3.1,72.7,389
PID000182,Apparel,Mid-range,65.99,16.5,4388.12,26.81,152,4.1,94.8,320
PID000183,Toys & Games,Mid-range,43.74,14.3,3963.89,106.53,121,3.7,100,236
PID000184,Grocery,Budget,16.87,12.1,3750.36,67.84,355,3.5,82.6,201
PID000185,Electronics,Budget,129.16,22,1789.14,41.12,462,3,95.5,233
PID000186,Furniture,Premium,633.28,2.3,8034.71,151.11,158,4.5,70.7,105
PID000187,grocery,Mid-range,16.25,16.1,150,55.67,248,4,96.2,223
PID000188,Electronics,Mid-range,275.38,4.8,6716.95,41.12,137,4,88.5,141
PID000189,,Mid-range,21.5,17.2,3981.05,16.6,155,4.5,71.3,246
PID000190,Furniture,Premium,634.78,15.1,6695.71,162.47,,3.8,79.7,5
PID000191,Sports & Fitness,Mid-range,,30.3,3593.17,150.88,138,3.8,79.3,359
PID000192,Apparel,Mid-range,53.61,21.3,4588.37,161.23,208,3.7,87.6,463
PID000193,Apparel,Mid-range,65.18,7.1,4374.45,173.39,170,3.9,99.1,342
PID000194,Beauty & Personal Care,Premium,36.66,16.2,,39.28,212,4.1,92.8,350
PID000195,Grocery,Budget,17.54,21,2278.84,15.02,289,3.6,100,250
PID000196,Apparel,Budget,32.46,31.5,5903.56,110.07,509,4,79.4,759
PID000197,Toys & Games,Mid-range,36.67,11.9,150,48.02,164,3.7,93.9,113
PID000198,Electronics,Premium,584.38,0.7,9945.42,207.27,137,4.5,69.1,237
PID000199,Toys & Games,Budget,7.48,,2462.44,49.22,477,3.7,85.5,307
PID000200,Toys & Games,Mid-range,36.28,14.7,3409.56,55.77,340,4.1,86,313
PID000201,Electronics,Mid-range,340.29,23.5,4580.57,188.29,185,3.5,85.6,195
PID000202,Beauty & Personal Care,Mid-range,,10.4,2479.31,73.59,332,4.7,84.5,552
PID000203,Home & Kitchen,Mid-range,117.24,,5627.99,174.75,263,3.9,86.9,454
PID000204,Furniture,Mid-range,293.05,6,3504.71,230.11,202,3.9,100,293
PID000205,Sports & Fitness,Mid-range,83.21,6.6,2703.58,93.21,217,3.8,92.5,147
PID000206,Furniture,Mid-range,318.43,28.9,2970.8,109.51,153,4,83.8,234
PID000207,Apparel,Mid-range,58.48,5.8,1610.43,28.21,192,4.5,71.6,66
PID000208,Sports & Fitness,Premium,74.6,10.8,5487.91,117.43,169,4,100,298
PID000209,Home & Kitchen,Mid-range,60.4,3.6,4223.92,20.31,335,3.9,76.4,70
PID000210,Home & Kitchen,Budget,57.45,6,4067.16,97.6,323,3.7,79.9,326
PID000211,,Mid-range,39.82,10.8,3801.64,16.15,143,3.7,74.7,82
PID000212,Sports & Fitness,,113.84,11.2,4954.96,134.34,173,4.5,63.7,273
PID000213,Apparel,Budget,7.38,29,4139.48,53.75,350,4,82.7,372
PID000214,Grocery,Budget,9.71,20,1410.55,50.19,466,2.8,87.7,143
PID000215,Home & Kitchen,Mid-range,43.12,15.5,7062.73,138.47,159,3.2,87.5,305
PID000216,Furniture,Mid-range,338.44,13.1,6365.11,193.17,222,3.6,81.7,278
PID000217,Beauty & Personal Care,Premium,41.1,8.6,1935.15,17.09,,4.9,81,408
PID000218,Furniture,Mid-range,300.79,19.6,5175.54,77.89,344,4.1,100,475
PID000219,Beauty & Personal Care,Budget,17.75,13.8,4985.49,63.39,441,4.1,93.2,616
PID000220,Grocery,Budget,4.4,7.6,3304.92,24.69,586,3,78.6,148
PID000221,Beauty & Personal Care,Mid-range,32.84,15.4,5123.6,54.75,344,3.4,92.7,429
PID000222,Apparel,Premium,93.01,,5428.81,72.86,88,3.8,95.9,284
PID000223,Furniture,Premium,686.76,10.6,5676.38,231.38,200,3.5,91.1,66
PID000224,Apparel,Budget,40.32,37.1,771.41,70.87,272,3.1,76.4,62
PID000225,,Premium,363.74,13.1,5849.4,202.52,74,3.4,100,212
PID000226,Apparel,Premium,83.88,3.4,7066.61,34.21,216,4.3,96.1,440
PID000227,Beauty & Personal Care,Mid-range,24.32,37.5,3585.73,50.12,218,4.6,87,647
PID000228,Home & Kitchen,Mid-range,60.41,8.6,5292.81,64.53,186,3.4,89.2,228
PID000229,Apparel,Mid-range,34.43,22.7,3366.4,21.96,306,3.2,81.7,217
PID000230,Home & Kitchen,Budgett,33.37,31.8,4317.33,159.76,325,3.3,95.6,554
PID000231,Grocery,Premium,28.77,0.7,3143.24,22.96,121,3.8,99.1,72
PID000232,Home & Kitchen,Mid-range,67.29,17.3,3239.58,104.54,251,3.4,76,130
PID000233,Furniture,Premium,560.98,10.3,6913.65,502.16,114,3.8,86.8,423
PID000234,Beauty & Personal Care,Budget,19.11,13.8,3369.01,95,344,3.1,99.2,353
PID000235,Beauty & Personal Care,Premium,40.15,12.6,5744.74,34.7,181,3.7,85.6,270
PID000236,Home & Kitchen,Budget,60.44,16.9,3233.16,51.19,233,3.6,77.8,205
PID000237,Apparel,Budget,29.64,14.5,3160.71,90.96,261,3.6,85.7,233
PID000238,Toys & Games,Budget,11.79,29.6,2230.08,96.88,518,4.2,91.7,540
PID000239,Home & Kitchen,Budget,20.78,12,2906.35,47.3,323,3.2,99,168
PID000240,Furniture,Budget,284.44,9,2997.24,49,574,2.8,77.1,5
PID000241,Grocery,Mid-range,7.19,28.1,3187.2,70.43,124,4,97.1,350
PID000242,Beauty & Personal Care,,42.82,1.8,2633.85,73.87,150,4.7,75.2,54
PID000243,Beauty & Personal Care,Mid-range,31.59,7.3,725.38,74.92,330,4.3,96.7,345
PID000244,Electronics,Budget,186.59,42.8,3875.33,,389,3.3,78.6,673
PID000245,Sports & Fitness,Mid-range,81.44,35.2,4122.14,108.16,272,,86.1,511
PID000246,Electronics,Mid-range,256.43,26.2,6480.86,225.1,181,3.6,82.4,483
PID000247,Apparel,Mid-range,39.54,12.7,2490.47,18.06,179,4.1,94.2,231
PID000248,Beauty & Personal Care,Mid-range,15.64,8.1,2220.56,48.4,183,3.6,96.9,122
PID000249,Toys & Games,Budget,12.75,26.7,2223.53,118.98,463,3.5,92.2,381
PID000250,Furniture,Premium,673.65,15.5,9036.42,361.62,155,3.9,69.7,298
PID000251,Grocery,Budget,15.11,26.3,3704.36,77,519,3.6,76.3,475
PID000252,Furniture,Budget,154.85,11.1,3630.86,195.4,284,4.3,75.6,356
PID000253,Toys & Games,Budget,12.22,16.6,3429.99,44.82,316,2.7,85.3,117
PID000254,Furniture,Budget,269.95,35.8,3658.81,268.06,365,3,88,348
PID000255,Electronics,Mid-range,201.58,22.3,2362.95,41.12,250,3.5,63.9,5
PID000256,Toys & Games,Mid-range,26.62,15.8,2131.78,31.87,173,3.2,90.4,141
PID000257,Beauty & Personal Care,Premium,42.47,8.5,2330.37,46.96,89,3.9,74.2,5
PID000258,Electronics,Mid-range,342.03,39.6,5123.55,89.32,241,4.5,96.5,614
PID000259,Sports & Fitness,Premium,109.02,4.1,4040.14,100.49,108,4.5,73.7,193
PID000260,Toys & Games,Mid-range,33.49,11.8,3244.85,16.6,182,3.8,77.6,125
PID000261,Furniture,Budget,250.23,50.8,5395.49,100.98,285,4,96.6,698
PID000262,Electronics,Budget,113.03,36.9,4460.73,97.77,386,3.9,100,725
PID000263,Electronics,Premium,456.12,5,5368.88,41.12,213,4.4,83.6,67
PID000264,Beauty & Personal Care,Mid-range,28.15,24.3,6316.25,79.06,207,3.9,84.6,487
PID000265,Home & Kitchen,Mid-range,38.89,8.4,2509.15,80.03,335,3.8,87,194
PID000266,,Mid-range,63.46,36.1,2256.09,140.23,325,3.6,74.4,401
PID000267,Toys & Games,Premium,49.74,18.6,8646.2,40.55,72,4.4,100,520
PID000268,Electronics,Mid-range,298.63,20,2943.57,149.35,174,3.5,100,214
PID000269,Toys & Games,Budget,24.93,38,2144.04,81.1,315,3.4,85.4,288
PID000270,Sports & Fitness,Mid-range,52.01,27.1,2465.38,19.19,368,4.3,87.9,343
PID000271,Toys & Games,Mid-range,31.57,27.4,3554.72,81.43,192,4,76.1,241
PID000272,Grocery,Budget,5.75,5.5,3320.32,90.78,246,3.7,86.4,201
PID000273,Electronics,Budget,121.6,26.4,2230.39,161.22,283,3.6,75.9,303
PID000274,Beauty & Personal Care,Mid-range,19.02,14.6,5267.03,53.72,162,4.1,83,335
PID000275,Beauty & Personal Care,Budget,22.21,25.4,3340.02,83.13,429,3.3,68.7,341
PID000276,Grocery,Budget,23.07,12.8,3287.4,115.9,293,4.3,74.9,360
PID000277,Home & Kitchen,Mid-range,71.04,14,1906.18,22.92,334,3.9,91.9,217
PID000278,Toys & Games,Budget,,22.1,4966.15,72.58,536,3.3,,364
PID000279,Beauty & Personal Care,Premium,45.52,3.4,2203.23,61.01,122,4.5,87.4,213
PID000280,Grocery,Mid-range,24.8,8.5,3938.83,81.43,,3.8,65.6,153
PID000281,Beauty & Personal Care,Mid-range,10.8,17.2,5085.7,78.85,240,4,100,726
PID000282,Sports & Fitness,Budget,40.05,43.2,3416.36,134.23,313,2.6,95.5,463
PID000283,Apparel,Mid-range,52.44,3.4,5948.28,18.06,369,3.7,81,238
PID000284,Grocery,Mid-range,19.01,12.7,2667.49,40.08,203,4.1,89.3,331
PID000285,Furniture,Mid-range,391.03,14.8,2364.54,298.14,186,4.8,70.8,247
PID000286,Apparel,Mid-range,72.95,26,5079.39,33.9,257,3.8,89.8,316
PID000287,,Budget,7.23,10.3,5316.24,100.9,265,3.2,82.8,254
PID000288,Home & Kitchen,Budget,49.17,2.5,5926.28,25.85,231,3.5,66.9,35
PID000289,Sports & Fitness,Budget,14.9,40.8,2161.47,142.71,493,3.5,81.3,518
PID000290,Home & Kitchen,Mid-range,43.21,13.7,3030.47,139.92,129,3.8,80.3,201
PID000291,Furniture,Mid-range,147.71,6,1522.89,211.34,228,4,73.7,158
PID000292,Toys & Games,Budget,23.42,23.6,5259.6,153.53,445,3.3,87.2,440
PID000293,Electronics,Mid-range,244.48,5.6,2774.57,433.34,200,3.8,67,262
PID000294,Electronics,Mid-range,279.37,17.4,5456.2,276.29,296,3.8,81.9,459
PID000295,Home & Kitchen,Mid-range,58.67,19.1,2843.84,80.09,252,4,94.3,438
PID000296,Apparel,Mid-range,67.67,3.6,4144.66,100.02,313,4,100,305
PID000297,Grocery,Budget,14.36,25.5,2709.67,31.86,320,,89.2,358
PID000298,Home & Kitchen,Budget,40.81,21.3,2191.84,20.31,261,4,84.8,234
PID000299,,Mid-range,40.37,10.4,5569.38,47.55,354,3.6,100,409
PID000300,Grocery,Mid-range,9.45,5.4,2853.32,39.21,300,4,78.4,234
PID000301,Beauty & Personal Care,Budget,23.97,25.1,4748.54,61.74,547,3.7,78.3,605
PID000302,Toys & Games,Budget,12.69,11.7,2238.84,,502,3.6,90.3,418
PID000303,Grocery,Mid-range,13.37,33.9,2604.28,59.36,199,3.7,88,335
PID000304,Grocery,Budget,15.63,48.8,150,34.33,444,3.9,92.9,418
PID000305,Sports & Fitness,Budget,38.68,35.1,1619.49,108.15,427,3.8,100,555
PID000306,Beauty & Personal Care,Mid-range,27.65,11.8,5369.69,44.39,264,4.1,77.8,472
PID000307,Home & Kitchen,Budget,27.34,8.8,2452.44,45.39,395,2.8,87,58
PID000308,Electronics,Budget,134.66,6.7,2964.88,110.17,257,3.8,84.9,97
PID000309,Apparel,Budget,39.15,21.9,,18.06,397,3.5,100,378
PID000310,Home & Kitchen,Mid-range,112.91,1.7,6945.92,64.26,213,3.5,94,255
PID000311,Toys & Games,Budget,9.1,4.8,2500.71,48.52,497,3.6,79,193
PID000312,Sports & Fitness,Budget,49.57,9.1,2699.95,85.53,279,3.6,82.9,233
PID000313,Electronics,Budget,339.35,22.1,1675.79,46.59,327,3.7,79.9,42
PID000314,Beauty & Personal Care,Mid-range,37.86,1.9,3616.6,76.82,338,3.7,83.6,271
PID000315,Toys & Games,Premeium,48.52,18.5,8417.46,95.49,161,4.4,100,580
PID000316,Beauty & Personal Care,Mid-range,24.77,28.6,5244.03,141.46,313,4,91.7,771
PID000317,Toys & Games,Budget,18.47,27.4,11559.97228,91.02,567,3.6,93.9,535
PID000318,Apparel,Mid-range,39.3,20.5,7177.48,110.4,136,4,82.1,444
PID000319,Grocery,Mid-range,10.39,22.1,3505.99,40.91,349,3.9,64.6,299
PID000320,Furniture,Mid-range,392.89,22.1,6102.39,62.49,296,3.1,88.4,72
PID000321,Grocery,Budget,11.08,9.1,3090.86,94.1,328,4.3,78.8,294
PID000322,Electronics,Premium,539.27,11.6,8898.07,144.11,144,4.8,88,388
PID000323,Electronics,Mid-range,288.16,1.9,357.98,151.12,299,3.3,86.7,5
PID000324,Apparel,Mid-range,60.05,19,3467.49,53.42,148,4.1,60.7,150
PID000325,Beauty & Personal Care,Premium,42.52,1.8,4794.07,90.84,160,4.5,88.5,379
PID000326,Sports & Fitness,Budget,54.04,30.7,6154.53,86.04,,3.1,72.7,402
PID000327,Sports & Fitness,Premium,99.72,9.2,1719.59,107.5,192,3.3,74.9,5
PID000328,Toys & Games,Budget,17.81,25.6,4084.38,83.06,374,3.5,77,337
PID000329,Beauty & Personal Care,Budget,10.51,128.1,3457.28,58.04,491,3.3,86.4,488
PID000330,Grocery,Budget,11.96,4.8,5292.52,46,312,3.8,,289
PID000331,Beauty & Personal Care,Premium,42.46,6.8,6284.04,16.15,151,4.3,83.4,381
PID000332,Home & Kitchen,Budget,42.05,5.8,2662.86,229.14,485,3.6,79.1,420
PID000333,Toys & Games,Mid-range,32.33,17.6,2112.31,89.66,162,3.2,78.5,9
PID000334,Electronics,,313.14,4.8,4063.19,41.12,199,3.8,83.2,14
PID000335,Grocery,Budget,15.98,14.3,2980.09,72.46,475,3.1,88.9,282
PID000336,Furniture,Budget,211.61,31.9,2480.49,451.73,592,4.2,83.1,881
PID000337,Toys & Games,Budget,15.77,24.5,,26.93,289,4.2,88.4,327
PID000338,Toys & Games,Mid-range,28,0.6,3254.81,60.81,345,3.8,69.4,167
PID000339,Apparel,Budget,11.2,12.1,3668.93,116.54,311,3.6,66.8,120
PID000340,Furniture,Budget,149.01,9.5,3196.3,520.09,492,2.6,91.1,589
PID000341,Sports & Fitness,Mid-range,53.16,21.4,7021.45,19.19,277,3.6,93.2,449
PID000342,Beauty & Personal Care,Premium,43.24,14.4,3939.19,37.31,66,4.1,100,357
PID000343,Furniture,Premium,541.78,3.6,6961.64,49,115,3.8,75.5,5
PID000344,Sports & Fitness,Mid-range,79.37,20.7,3390.59,19.63,227,,72.2,175
PID000345,Home & Kitchen,Budget,14.71,7.5,150,79.94,418,3.3,91.1,145
PID000346,Electronics,Premium,,7.6,8091.09,185.71,176,3.8,96.7,354
PID000347,Apparel,Mid-range,54.53,11.6,9955.31,18.06,242,3.6,86.1,508
PID000348,HOME & KITCHEN,Mid-range,,1.2,4409.87,80.23,303,4.3,82.7,361
PID000349,Sports & Fitness,Budget,34.08,10.7,,19.42,306,3.5,87.4,221
PID000350,,Premium,51.51,4.9,8064.87,21.7,172,4.8,90,437
PID000351,Sports & Fitness,Budget,48.66,32.4,4872.11,112.01,406,3.3,97.2,615
PID000352,Grocery,Budget,,20.8,2929.76,42.4,301,2.7,87.1,110
PID000353,Toys & Games,Mid-range,43.76,4.6,5591.7,41.08,350,3.6,93.9,328
PID000354,Sports & Fitness,Mid-range,38.96,12.6,2049.99,19.19,139,3.8,76.8,23
PID000355,Apparel,Budget,35.73,11.2,3041.93,94.97,468,3.9,83.8,453
PID000356,Apparel,Mid-range,61.31,22.3,7333.26,25.57,,4.5,87.3,439
PID000357,Beauty & Personal Care,Budget,45.72,13.7,2279.23,106.51,370,3.7,98.6,383
PID000358,Furniture,Premium,560.21,18.1,,49,74,4.1,82.6,5
PID000359,Toys & Games,Budget,22.34,12,150,29.79,440,3.5,72.4,56
PID000360,Grocery,Mid-range,17.49,26.8,4997.58,119.18,153,4.4,93,551
PID000361,Electronics,Mid-range,239.59,30.7,7198.1,205.69,204,4.1,79.2,1734
PID000362,Home & Kitchen,Mid-range,,28.3,5560.22,20.31,220,4.1,96.8,465
PID000363,Home & Kitchen,Mid-range,72.28,3.1,3829.42,124.22,331,4.2,90.7,382
PID000364,Electronics,Budget,220.99,42.9,3329.96,149.63,450,3.8,73.1,517
PID000365,Furniture,Budget,116.53,17.7,3364.91,343.83,284,3.4,86.4,504
PID000366,Apparel,Budget,10.77,27.3,2672.06,91.43,487,3.6,,449
PID000367,Toys & Games,Budget,12.14,29.9,2602.75,16.6,253,3.5,79.2,154
PID000368,Furniture,Mid-range,315.2,19.4,5025.72,211.7,138,3.9,83.1,198
PID000369,Toys & Games,Budget,31.38,37.1,1691.68,84.56,376,3.9,100,471
PID000370,Apparel,Mid-range,45.17,17.6,3143.66,23.9,183,4,90.9,234
PID000371,Electronics,Mid-range,200.87,29.5,2917.75,214.45,309,3.8,79.1,471
PID000372,Home & Kitchen,Budget,35.45,51.3,5720.14,137.89,241,3.3,95.6,702
PID000373,Beauty & Personal Care,Mid-range,39.61,10.3,6574.75,51.38,345,3.7,85.8,294
PID000374,Grocery,Budget,7.8,13,2159.7,89.03,345,3.8,94.6,300
PID000375,Toys & Games,Budget,16.44,13,5658.97,,253,3.4,86.7,244
PID000376,Electronics,Premium,337.5,7.3,6608.32,251.87,124,4.9,100,2686
PID000377,Apparel,Budget,26.88,21,3017.55,42.86,556,3.5,100,460
PID000378,Home & Kitchen,Budget,79.74,16.8,6538.62,30.56,574,3.6,100,595
PID000379,Toys & Games,Budget,26.95,26.9,150,80.25,483,4.1,76.8,293
PID000380,Toys & Games,Budget,12.57,12.4,2096.11,44.42,518,3.5,63.5,177
PID000381,Apparel,Budget,10.22,12.1,3457.07,108.24,552,3.8,94.4,482
PID000382,Furniture,Premium,298.47,10.6,6853.31,49,178,4.3,74,174
PID000383,Apparel,Mid-range,,15.7,2015.04,100.85,298,4.8,81.3,372
PID000384,Grocery,Mid-range,13.58,1.1,2284.89,41.02,262,3.9,93.4,148
PID000385,Apparel,Budget,14.44,29.9,5436.79,73.77,509,3.1,99.6,562
PID000386,GROCERY,Budget,13.48,4.3,816.43,15.02,445,4,97,235
PID000387,Home & Kitchen,Premium,71.89,,6262.92,174.14,159,4.2,85.9,418
PID000388,Electronics,Mid-range,199.71,16.1,4104.06,84.26,223,3.8,90.2,203
PID000389,Furniture,Premium,727.92,5,5533.68,332.17,204,4.7,74.3,266
PID000390,Sports & Fitness,Premium,94.42,12.7,6530.82,94.5,149,4.2,86.5,348
PID000391,Electronics,Budget,156.93,14.1,3128.41,77.89,333,3.6,91.1,264
PID000392,Electronics,Mid-range,175.06,1.6,5696.79,194.42,308,,84,128
PID000393,Furniture,Mid-range,222.86,21.2,3828.15,512.24,357,3.6,73,713
PID000394,Apparel,Premium,61.24,4.9,8621.65,38.59,190,4.2,,357
PID000395,Furniture,Mid-range,258.51,20.4,5295.9,262.84,268,3.9,63.7,328
PID000396,Home & Kitchen,Budget,36.96,18,5374.23,20.31,252,4.4,81,483
PID000397,Home & Kitchen,Mid-range,62.64,16.8,2040.56,20.31,263,4.3,80.7,149
PID000398,Toys & Games,Mid-range,26.19,5,6387.9,16.6,280,4.1,85,283
PID000399,Beauty & Personal Care,Premium,59.35,12.1,4954.51,16.15,218,3.4,75.6,176
PID000400,Beauty & Personal Care,Mid-range,19.12,2,,38.58,195,4.2,62.1,328
PID000401,Grocery,Budget,13.93,23.8,4500.69,102.91,554,3.1,89.4,560
PID000402,Home & Kitchen,Budget,57.38,13.8,2723.9,148.49,343,3.6,74.3,229
PID000403,,Budget,6.29,6.3,4676.48,104.67,230,3,88.3,179
PID000404,Furniture,Budget,259.04,20.4,7065.28,98.11,246,4,77.6,343
PID000405,Grocery,Mid-range,16.34,30.9,5847.27,17.96,293,3.9,82.9,518
PID000406,Toys & Games,Budget,23.58,8.4,1201.81,51.09,316,3,87.8,5
PID000407,Electronics,PREMIUM,186.77,8.1,7028.93,257.08,65,4.4,88.1,502
PID000408,Home & Kitchen,Mid-range,49.58,12.2,7309.04,117.95,347,3.7,81.7,458
PID000409,Electronics,Mid-range,153.35,11.8,4706.22,232.41,310,2.7,86.7,267
PID000410,Beauty & Personal Care,Mid-range,28.58,12.2,1654.68,19,259,3.8,94.5,306
PID000411,Apparel,Budget,30.08,5.9,3331.33,143.55,406,3.5,97,259
PID000412,,Mid-range,187.89,1.6,4211.81,41.12,266,3.7,77.8,72
PID000413,Electronics,Mid-range,230.75,8.5,1847.35,274.17,199,3.4,87,147
PID000414,Electronics,Budget,96.45,14.4,4015.72,89.05,494,3.7,99.7,503
PID000415,Apparel,Mid-range,50.06,11.3,4022.34,39.36,198,3.9,81.7,179
PID000416,Sports & Fitness,Mid-range,61.43,22.9,3748.31,19.19,242,3.6,80.8,164
PID000417,,Mid-range,13.84,12.9,5339.24,74.27,127,3.8,88.7,239
PID000418,Apparel,Mid-range,76.56,11.7,3522.27,29.92,259,3.7,77,107
PID000419,Home & Kitchen,Budget,48.7,9.2,5070.61,56.56,312,,74.5,209
PID000420,Grocery,Budget,3.55,,3246.72,71.17,391,2.5,100,456
PID000421,Toys & Games,Budget,15.13,5.5,1494.74,102.58,412,3.5,88.8,212
PID000422,Apparel,Budget,16.93,26,2688.53,53.18,415,3.8,85.5,399
PID000423,Sports & Fitness,Budget,38.55,40.8,3168.33,19.19,238,3.9,71.6,245
PID000424,Electronics,Budget,182.76,17.1,,324,577,3.4,80.5,571
PID000425,Apparel,Mid-range,48.55,5.2,4317.09,142.52,350,4.6,92.7,483
PID000426,Home & Kitchen,Budget,54.43,31.3,4165.93,78.92,291,3.2,98.3,452
PID000427,Home & Kitchen,Premium,111.47,10.5,485.8,20.31,184,4,100,169
PID000428,Grocery,Mid-range,17.03,15.4,3502.66,15.02,177,4.3,83.9,293
PID000429,Sports & Fitness,Budget,39.81,18.9,3482.41,,286,3.5,83.2,153
PID000430,Furniture,Budget,376.97,14.8,2762.7,327.82,311,3.3,74.6,145
PID000431,Apparel,Budget,29.18,17.4,6351.89,104.89,284,3.7,93.3,557
PID000432,Furniture,Mid-range,235.14,23.9,3746.31,,351,4.1,72.2,343
PID000433,Electronics,Mid-range,241.5,13.7,3234.47,331.64,303,3.7,70.6,373
PID000434,Beauty & Personal Care,Mid-range,34.41,1.7,3641.37,84.83,169,3.4,88.6,77
PID000435,Grocery,Budget,13.36,15.7,2457.2,84.7,584,3.5,100,464
PID000436,Electronics,Budget,219.58,22.4,2963.26,238.98,502,3.3,95.2,457
PID000437,Home & Kitchen,Premium,117.32,23.5,6427.99,131.36,203,4.8,83.2,672
PID000438,Home & Kitchen,Budget,38.87,11.4,2607.89,20.31,280,4.6,91.4,420
PID000439,Home & Kitchen,Premium,56.96,5.3,6619.21,58.78,85,4.4,92.8,330
PID000440,Furniture,Mid-range,389.78,21.7,5749.34,49,120,4.7,87.1,238
PID000441,Apparel,Budget,34.36,9.6,3959.14,115.8,359,2.7,85.1,147
PID000442,Apparel,Budget,20.18,32.2,1962.14,75.25,230,3.2,85.3,179
PID000443,Sports & Fitness,Mid-range,57.76,9,4285.4,65.64,299,3.4,92.4,322
PID000444,Toys & Games,Mid-range,37.52,21.8,4136.17,83.52,137,4,93,354
PID000445,Sports & Fitness,Mid-range,59.26,32,4777.94,74.89,179,3.5,77,326
PID000446,Apparel,Budget,49.04,38.1,6121.42,82.87,447,3.6,88.7,691
PID000447,Grocery,Mid-range,27.5,23.4,4123.34,47.42,323,4.4,100,548
PID000448,Electronics,Mid-range,132.92,12.2,4527.46,187.9,127,4.8,74.8,461
PID000449,Toys & Games,Budget,24.16,14.1,3631.62,37.66,235,3.6,87,230
PID000450,Sports & Fitness,Premium,86.26,5.3,6078.09,161.48,207,4.3,82.1,406
PID000451,Grocery,Budget,9.87,26.6,5882.07,44.24,573,4.4,88.7,705
PID000452,Electronics,Mid-range,224.82,15.2,772.96,72.21,273,3.5,80.2,5
PID000453,Sports & Fitness,Premium,112.09,12.2,9176.67,103.9,159,4.6,95.6,658
PID000454,,Premium,340.31,5.4,6896.19,465.25,77,4.9,75.3,607
PID000455,Electronics,Mid-range,209.53,24.3,6204.45,171.47,299,3.5,95.8,558
PID000456,Apparel,Premium,53.71,13.1,150,92.12,91,3.9,84.6,100
PID000457,Grocery,Budget,11.4,18.5,3362.12,54.42,437,,79.4,235
PID000458,Grocery,Mid-range,5.71,18.1,7140.73,133.82,351,4.2,87.6,731
PID000459,Furniture,Mid-range,224.38,13.1,3737.96,339.18,197,3.7,100,454
PID000460,Toys & Games,Mid-range,,14.3,2523.79,38.88,311,3.6,65.1,38
PID000461,Grocery,Budget,8.54,24.3,1611.93,103.39,596,4.1,79,542
PID000462,Furniture,Mid-range,182.16,10.9,4681.26,222.63,178,3.5,87.7,234
PID000463,Grocery,Budget,6.76,8.2,2041.47,42.78,418,3.1,97.3,136
PID000464,Toys & Games,Budget,21,21.3,664.15,69.88,302,2.7,97,54
PID000465,Furniture,Premium,430.63,18.1,4085.96,170.4,175,3.9,78.3,53
PID000466,Apparel,premium,63.42,6.5,1469.25,146.83,220,4.3,85.1,165
PID000467,Furniture,Budget,161.34,14.9,1992.25,49,535,3.5,89.6,224
PID000468,Home & Kitchen,Mid-range,46.17,29.1,1446.89,20.31,282,3.8,76.6,215
PID000469,Home & Kitchen,Budget,26.05,42.2,5156.37,153.63,339,4.5,91,817
PID000470,Apparel,Premium,83.8,10.5,4891.01,110.61,210,3.6,80,237
PID000471,Grocery,Mid-range,10.97,4,5401.75,66.06,304,4.3,62.1,233
PID000472,Beauty & Personal Care,Mid-range,30.41,35,5261.83,72.63,374,4,100,808
PID000473,Grocery,Budget,16.53,1.4,4241.24,,390,3.8,84.5,310
PID000474,Grocery,Mid-range,33.05,2,5889.1,79.19,326,3.6,80,327
PID000475,Beauty & Personal Care,Budget,24.44,9.1,1912.86,80.27,494,3.7,87.8,358
PID000476,Grocery,Mid-range,24.75,38.2,2456.76,22.38,288,4.4,95.1,545
PID000477,Grocery,Budget,12.49,11.5,3596.75,84.5,325,3.9,94,355
PID000478,Beauty & Personal Care,Premium,41.72,5.5,2122.08,65.3,112,3.8,89.5,38
PID000479,Electronics,Budget,91.62,31.2,2890.33,286.09,548,3.9,,804
PID000480,,Budget,20.01,20.1,3546.49,51.67,283,3.3,75.7,110
PID000481,Apparel,Mid-range,,38.5,3943.93,58.88,279,3.9,80.1,447
PID000482,Grocery,Budget,12.09,26.1,5861.32,64.21,,3.5,59,382
PID000483,Toys & Games,Budget,16.1,27.2,,129.08,484,3.5,79.4,306
PID000484,Electronics,Premium,228.81,13,9453.9,41.12,103,4.6,81.5,515
PID003710,Toys & Games,Budget,17.27,22.2,3453.29,96.4,587,3.1,,299
PID000486,Apparel,Mid-range,28.94,9.5,2382.41,18.06,331,3.8,95.1,213
PID000487,Toys & Games,Budget,28.82,27,4573.76,68.67,529,4,81.1,493
PID000488,Beauty & Personal Care,Mid-range,28.9,11.3,6003.26,83.71,162,3.9,98.8,466
PID000489,Toys & Games,Mid-range,16.82,36.6,1664.55,16.6,356,3.4,100,285
PID000490,Grocery,Budget,10.71,9.4,1049.28,69.34,473,3.8,86,240
PID000491,Electronics,Budget,215.47,15.9,,312.53,394,3.9,92.2,511
PID000492,Apparel,Budget,49.18,9,2603.68,18.06,500,3.7,81.2,114
PID000493,Electronics,Mid-range,294.37,26.4,5583.01,394.44,217,3.5,92.4,554
PID000494,Home & Kitchen,Budget,41.45,8.6,4491.5,20.31,455,3.9,86.9,382
PID000495,Toys & Games,Mid-range,28.85,13.2,4279.89,106.58,208,4.7,88.3,457
PID000496,Home & Kitchen,Budget,46.01,21.4,1828.75,153.63,298,3.4,86,293
PID000497,Apparel,Budget,22.53,21.8,2497.85,18.06,416,3.5,91.1,329
PID000498,Apparel,Budget,37.47,7.8,,52.45,542,3.6,93.4,408
PID000499,Apparel,Mid-range,32.08,13.8,4540.96,90.05,304,3.3,80.1,255
PID000500,Toys & Games,Budget,23.88,27.7,,101.7,363,3,85.8,157
PID000501,Home & Kitchen,Budget,25.45,5,1417.23,31.1,423,3.8,91,229
PID000502,,Premium,33.58,12.3,6788.02,124.99,79,3.8,87.2,365
PID000503,,Mid-range,59.19,12.5,5071.06,48.15,379,3.6,94.9,430
PID000504,Home & Kitchen,Mid-range,52.98,15.1,2268.27,140.8,196,3.2,82.3,177
PID000505,Grocery,Budget,,23.3,6009.55,124.92,403,4.1,69.8,535
PID000506,Grocery,Mid-range,24.32,8.4,4594.07,74.69,288,3.6,78.5,163
PID000507,Groceries,Budget,4.64,22.4,2958.07,,486,4,87.9,512
PID000508,Beauty & Personal Care,Budget,22.12,10.3,4564.01,56.29,414,3.4,98.3,393
PID000509,Apparel,Budget,55,25.3,4091.08,120.72,563,3.1,98.3,555
PID000510,Toys & Games,Mid-range,42.37,17.4,7891.33,52.7,280,4.3,80.2,509
PID000511,Home & Kitchen,Budget,28.34,31.1,840.23,70.58,,3.6,77.3,190
PID000512,,Mid-range,39.59,10.5,2273.41,,278,4.4,83.5,246
PID000513,Apparel,Budget,29.47,39,1680.08,85.62,309,3.7,83.2,421
PID000514,Beauty & Personal Care,Premium,26.19,4.2,6757.43,85.75,105,4.7,100,632
PID000515,Toys & Games,Budget,24.37,42.7,3438.59,78.68,406,3.4,96.3,519
PID000516,Apparel,Budget,31.16,18.6,4087.87,18.06,409,3.8,100,417
PID000517,Sports & Fitness,,62.12,20.1,3614.99,23.39,247,3.7,100,306
PID000518,Furniture,Mid-range,286,18.8,7008.78,328.15,164,3.8,91.9,586
PID000519,Toys & Games,Mid-range,17.3,12.8,4612.55,91.18,293,3.4,87.9,241
PID000520,Apparel,Mid-range,32.08,22.2,5447.95,18.06,230,4.7,79.4,426
PID000521,Toys & Games,Premium,50.37,3.3,2947.69,24.98,134,,94.6,154
PID000522,Toys & Games,Budget,22.56,22,3184.68,38.93,526,,80,452
PID000523,,Budget,18.88,30.2,5174.52,120.29,526,2.9,100,472
PID000524,Toys & Games,Mid-range,37.64,6.6,3162.4,111.86,,3.2,70.9,16
PID000525,Grocery,Budget,13.96,20.7,1892.84,102.18,281,4.3,84,367
PID000526,Toys & Games,budget,19.4,19.2,1849.94,86.81,260,3.1,86.8,67
PID000527,Furniture,Premium,697.57,5,3882.09,49,150,4.5,76.7,5
PID000528,Beauty & Personal Care,Mid-range,32.77,31.3,2113.46,16.15,139,2.8,87.3,41
PID000529,Sports & Fitness,Mid-range,59.45,14,4897.96,78.19,265,4.1,100,370
PID000530,Beauty & Personal Care,Premium,78.13,8.6,5207.74,92,204,4.8,70.2,420
PID000531,Electronics,Budget,166.83,32.4,3627.83,154.91,379,4.1,73.5,404
PID000532,Apparel,Budget,32.19,15.5,3027.66,81.59,387,3.4,85.6,225
PID000533,Beauty & Personal Care,Mid-range,44.15,2.1,3333.38,104.97,146,3.5,97.1,183
PID000534,Grocery,Budget,13.75,22.9,4392.87,83,225,3.9,91.8,436
PID000535,Beauty & Personal Care,Premium,63.26,4.5,5357.52,52.66,203,3.5,77.5,157
PID000536,,Budget,56.4,15.5,3482.03,71.36,509,3.6,100,448
PID000537,Apparel,BUDGET,16.9,21.1,3170.21,164.7,367,4.3,86.9,604
PID000538,Furniture,,394.68,7,7044.06,159.6,180,5,90.8,1509
PID000539,Beauty & Personal Care,Premium,57.21,6.2,5323.9,22.51,105,4.8,88.6,346
PID000540,Electronics,Mid-range,105.96,5.7,150,274.19,186,4.1,75.3,193
PID000541,Apparel,Mid-range,37.83,6.4,3018.98,81.25,287,3.3,85.6,140
PID000542,Beauty & Personal Care,Budget,20.44,14.6,1827.47,71.5,549,4,82.8,497
PID000543,Sports & Fitness,Mid-range,75.58,20.8,4690.55,69.88,274,3.9,98.3,380
PID000544,Electronics,Mid-range,288.52,25.6,6667.15,316.29,375,4.3,96.6,816
PID000545,Apparel,Mid-range,51.78,19.8,5267.11,116.97,367,4,75.9,439
PID000546,Toys & Games,Budget,11.03,35.9,6950.03,16.6,233,3.6,88.1,461
PID000547,Apparel,Premium,115.45,3.8,3872.88,97.13,103,4.3,71.3,150
PID000548,Electronics,Mid-range,324.93,14.7,4955.81,42.19,151,3.4,92.6,78
PID000549,,Budget,31.85,22.1,5687.12,202.15,578,3.7,,773
PID000550,Electronics,Mid-range,147.32,23.1,3984.65,135.2,281,3.8,90.7,361
PID000551,Home & Kitchen,Mid-range,51.36,23.8,2904.14,99.18,215,4.3,80.6,369
PID000552,Apparel,Mid-range,63.61,25.7,3510.49,101.74,255,3.7,66.9,223
PID000553,ELECTRONICS,Mid-range,234.18,,5092.44,103.74,343,3.8,100,391
PID000554,Electronics,Mid-range,272.64,1.1,2716.27,145.51,318,3.5,90.9,108
PID000555,Grocery,Budget,6.53,26.8,6202.79,56.4,278,3.3,97.7,453
PID000556,Grocery,Budget,17.24,16.6,4117.48,107.75,579,2.9,99.7,411
PID000557,Beauty & Personal Care,Budget,18.79,35.4,2487.47,36.17,500,3.7,69.5,471
PID000558,Home & Kitchen,Budget,52.77,38.9,4880.99,118.86,472,3.9,74.7,584
PID000559,Apparel,Mid-range,46.12,11.1,4544.64,23.05,,4.5,98.4,419
PID000560,Toys & Games,Mid-range,45.3,22.6,3890.44,16.6,358,4,81.9,330
PID000561,Apparel,Mid-range,33.81,21,916.2,32.33,205,3.1,93.5,57
PID000562,Home & Kitchen,Budget,46.38,30.1,2663.84,85,312,3,77.4,173
PID000563,Apparel,Budget,38.46,3.6,,36.07,246,3.3,95.8,125
PID000564,Electronics,Mid-range,264.3,12.9,1489.38,322.31,329,4.3,91.4,478
PID000565,Electronics,Premium,369.41,13.5,,187.63,175,4.3,98.5,316
PID000566,Toys & Games,Mid-range,40.3,6.9,3666.61,38.34,218,3.7,94.9,205
PID000567,Electronics,Budget,236.13,17.5,3162.65,41.12,235,3.4,100,102
PID000568,Sports & Fitness,Mid-range,67.58,5.8,8199.63,70.1,158,3.7,86.1,343
PID000569,Electronics,Premium,333.32,5.1,6095.3,199.19,167,4.6,87.6,285
PID000570,Sports & Fitness,Mid-range,23.38,26.5,2043.8,78.65,156,3.5,68.4,114
PID000571,Apparel,Budget,16.98,21.3,3815.23,116.02,553,3.4,,557
PID000572,Apparel,Budget,11.56,24.7,3613.46,177.89,237,3.9,94.2,494
PID000573,Furniture,Premium,457.26,,7116.79,247.25,122,3.9,71.7,109
PID000574,Apparel,Budget,29.17,59,3587.23,34.22,471,4.1,61.9,586
PID000575,Grocery,Mid-range,15.42,5.2,5614.01,15.02,203,3.7,85.2,185
PID000576,Home & Kitchen,Mid-range,61.42,38.8,3439.95,20.31,200,4.1,86.4,443
PID000577,Furniture,Budget,230.81,21.8,1974.9,49,467,3.8,75.9,225
PID000578,,Mid-range,31.88,31.1,2734.09,40.27,130,4.6,81.5,359
PID000579,Beauty & Personal Care,Mid-range,27.98,16.7,3639.12,53.01,312,3.1,89.4,968
PID000580,Apparel,Premium,54.01,10,9858.53,18.06,181,4.2,83.2,480
PID000581,Home & Kitchen,Budget,23.88,2.1,3863.08,107.2,496,3.9,72.8,373
PID000582,Electronics,Mid-range,219.9,10.8,2904.55,41.12,334,3.3,81.3,52
PID000583,Furniture,Budget,180.42,27.7,3318.05,404.71,469,2.7,73.5,429
PID000584,Electronics,Mid-range,257.15,9.9,5207.49,193.12,324,4.6,75.1,460
PID000585,Beauty & Personal Care,Budget,21.02,48.2,851.07,55.93,335,3.4,71.6,332
PID000586,Furniture,Mid-range,274.88,8.8,6782.07,230.49,190,4.4,73.1,425
PID000587,Home & Kitchen,Budget,55.59,8.2,1768.99,72.05,,3,,221
PID000588,Beauty & Personal Care,Mid-range,15.77,7.7,3708.4,16.15,235,3.8,97.2,277
PID000589,Toys & Games,Mid-range,42.23,12.3,4650.41,108.58,296,3.8,92.8,316
PID000590,Home & Kitchen,Premium,-18,,6987.63,56.66,187,3.9,70.8,211
PID000591,Beauty & Personal Care,Mid-range,14.67,26.3,1202.55,44.56,338,3.5,84.1,194
PID000592,Home & Kitchen,Premium,36.36,7.4,2750.04,45.95,130,4.8,84.7,301
PID000593,Toys & Games,Mid-range,20.01,4.8,2305.72,115.06,357,3.4,82.6,247
PID000594,Furniture,,653.48,7.6,3770.92,176.37,82,4.5,76.1,5
PID000595,Toys & Games,Premium,53.35,10.2,4113.14,86.55,148,4.2,86.7,285
PID000596,Toys & Games,Budget,8.4,26.9,5162.77,65.89,509,3.9,79.8,542
PID000597,Beauty & Personal Care,Budget,28.11,25.5,5613.84,110.99,308,3.7,84.6,536
PID000598,Electronics,Premium,491.5,3.7,,243.71,61,4.6,83.6,124
PID000599,Apparel,Mid-range,85.38,20.6,1909.94,87.22,192,3.7,83.1,98
PID000600,Apparel,Mid-range,58.95,16.1,8794.64,57.01,228,4,81.9,504
PID000601,Grocery,Budget,11.45,47.2,150,19.84,519,3.1,91,397
PID000602,Electronics,Mid-range,216.65,14,5246.07,257.85,180,4.1,69.9,218
PID000603,Beauty & Personal Care,BUDGET,24.25,20.7,2726.64,64.89,261,3.5,78.6,209
PID000604,Grocery,Budget,6.13,7.4,2159.89,151.88,320,3.5,85.6,145
PID000605,Beauty & Personal Care,Budget,,2.7,5120.07,120.05,576,3.6,81.4,573
PID000606,Sports & Fitness,Budget,62.43,11.6,4086.62,104.58,250,3.6,81.9,299
PID000607,Apparel,Mid-range,44.72,15.3,5131.56,43.2,314,3.9,96.6,397
PID000608,Apparel,Budget,27.47,17,1456.63,28.03,492,3.5,68.7,5
PID000609,Apparel,Mid-range,20.74,23.7,3958.08,40.53,197,4.6,90.1,475
PID000610,Apparel,Budget,24.46,24.5,308.45,18.06,240,,90,264
PID000611,Apparel,Mid-range,41.41,17.9,5916.94,138.04,367,3.9,80.8,559
PID000612,Toys & Games,Premium,32.21,17.6,2825.58,105.89,181,3.7,96.6,276
PID000613,Apparel,Mid-range,38.31,12.3,3705.33,85.6,295,3.3,95.8,288
PID000614,Beauty & Personal Care,Mid-range,34.14,22.8,6596.39,121.67,232,3.2,70.6,456
PID000615,Toys & Games,Mid-range,45.64,17.5,4407.88,62.79,298,3.3,72.8,105
PID000616,Beauty & Personal Care,Budget,27.28,30.9,1653.93,102.41,566,3.6,81.3,503
PID000617,Beauty & Personal Care,Premium,64.96,5.1,6201.82,16.15,171,4.2,,364
PID000618,Toys & Games,Budget,11.52,11.2,4075.42,61.42,255,3.6,64.6,194
PID000619,Grocery,Budget,18.1,8.4,3677.45,127.97,283,3.3,95.5,370
PID000620,Electronics,Mid-range,,13.7,3446.77,205.98,368,3.3,98.4,217
PID000621,Apparel,Budget,38.44,9,4766.81,30.3,268,3.6,85.8,219
PID000622,Beauty & Personal Care,Budget,30.57,2.9,,43.19,362,3.8,75.1,210
PID000623,Grocery,Budget,14.89,21.5,2390.13,107.01,288,3.5,80.4,254
PID000624,Sports & Fitness,Budget,39.78,19.5,4636.45,66.35,274,3.8,,369
PID000625,Furniture,Budget,298.03,9.4,1208.91,110.13,403,3.2,79.9,5
PID000626,Toys & Games,Mid-range,16.46,27.2,2039.08,16.6,329,4.4,90.5,359
PID000627,Grocery,Budget,15.92,7.8,3105.83,27.73,324,3.3,83.8,185
PID000628,Beauty & Personal Care,Premium,66.84,10.4,4787.16,31.02,164,4.6,87.9,503
PID000629,Home & Kitchen,Mid-range,67.96,5.7,4003.37,20.31,243,4,74.5,155
PID000630,Grocery,Mid-range,27.29,25,150,52.77,268,4.2,94.1,315
PID000631,Grocery,Budget,14.7,46.2,1720.13,43.58,583,3.8,91.1,627
PID000632,Toys & Games,Midrange,47.29,25.3,3763.53,114.92,347,3.9,80.5,340
PID000633,Grocery,Budget,14,20.8,4688.33,28.06,326,3.1,91.8,196
PID000634,Grocery,Mid-range,11.08,16.2,4488.71,102.01,173,4.5,94,506
PID000635,Sports & Fitness,Mid-range,89.55,10.1,5370.9,19.19,267,,80.9,318
PID000636,Furniture,Premium,255.93,6,8359.08,159.51,87,5,100,637
PID000637,Toys & Games,Budget,27.03,7.8,3346.79,128.87,340,3.4,100,295
PID000638,Home & Kitchen,Premium,82.82,13.2,2361.86,121.16,,3.6,86.3,111
PID000639,Apparel,Budget,28.95,8.8,,56.89,263,3.5,93.1,231
PID000640,Grocery,Mid-range,22.77,24.8,4923.93,80.36,131,3.3,95.7,290
PID000641,Home & Kitchen,Budget,51.36,19.2,2565.19,163.24,416,4.7,93.2,648
PID000642,Toys & Games,Mid-range,34.65,23.2,4723.06,,360,4,64.3,332
PID000643,Apparel,Mid-range,61.84,26.7,5473.96,75.21,340,4.1,84.5,523
PID000644,Apparel,Mid-range,61.82,10.4,3742.23,18.06,325,4.3,95.6,376
PID000645,Home & Kitchen,Budget,45.97,13,5278.62,75.43,489,3.7,74.2,299
PID000646,Home & Kitchen,Mid-range,-61.1,19.1,5683.34,128.5,163,4.2,84.4,412
PID000647,Furniture,Budget,256.19,6.5,3449.28,49,325,3.1,84.7,5
PID000648,Beauty & Personal Care,Mid-range,12.98,2.7,6544.94,110.84,309,3.5,86.5,428
PID000649,Furniture,Premium,414.88,4.4,3208.16,196.1,181,4.5,,221
PID000650,Home & Kitchen,Mid-range,48.76,11.2,5594.4,115.97,125,3.8,75.9,179
PID000651,Toys & Games,Mid-range,12.65,16.9,2713.15,67.02,361,4.4,81.5,416
PID000652,Electronics,Mid-range,276.14,22.2,1949.64,410.74,233,3.7,99,477
PID000653,Sports & Fitness,Mid-range,93.8,22.8,464.18,67.7,217,3.9,87.1,163
PID000654,Grocery,Mid-range,9.79,28.3,7685.42,46.12,235,3.8,89.3,519
PID000655,Beauty & Personal Care,Mid-range,37.19,30,4140.29,48.93,358,3.8,86.4,607
PID000656,Grocery,Budget,11.65,6.3,2633.72,66.72,225,3.3,70.7,5
PID000657,,Budget,12.85,10.7,2671.81,72.13,360,3.8,77.1,218
PID000658,Electronics,Premium,325.62,1.4,3287.87,41.12,75,4.5,91,10
PID000659,Sports & Fitness,Budget,58.91,4.6,3024.1,67.04,600,3.7,81.5,331
PID000660,Electronics,Mid-range,,20.8,6111.88,235.01,263,3.6,87,451
PID000661,Grocery,Premium,24.01,5.9,8229.435822,118.81,103,3.7,93.2,139
PID000662,Grocery,Budgett,15.55,11.8,1264.34,113.35,487,3.8,71.2,244
PID000663,Beauty & Personal Care,Premium,51.82,6,2737.83,127.23,217,4.4,88.2,373
PID000664,Grocery,Budget,6.38,16.7,2946.52,55.35,314,2.4,67.5,17
PID000665,Furniture,Premium,577.07,4.7,6119.77,182.44,156,4.7,86.3,185
PID000666,Apparel,Budget,27.41,23.8,4637.99,52.04,525,4,75,481
PID000667,Furniture,Mid-range,322.59,2.6,6530.28,49,155,3.3,82.6,5
PID000668,Electronics,Budget,149.31,9.1,2058.08,93.36,248,2.9,92.8,42
PID000669,Grocery,Budget,20.14,28.1,2224.27,78.08,385,4.4,,556
PID000670,Grocery,Mid-range,21.92,12.2,5679.94,55.8,153,3.7,81.1,218
PID000671,Toys & Games,Budget,28.85,4.6,2309.78,46.41,358,3.2,80.2,29
PID000672,Grocery,Mid-range,14.94,17,2803.62,59.6,129,3.7,80.7,64
PID000673,Furniture,Budget,115.6,42.4,3602.31,433.46,569,4.4,76.9,1085
PID000674,Beauty & Personal Care,Budget,12,11.3,3952.63,,494,4.5,71.8,539
PID000675,Beauty & Personal Care,Mid-range,31.74,4.7,3721.74,58.05,254,3.9,67.9,123
PID000676,Apparel,Mid-range,62.39,,5553.08,47.59,267,4,92.6,365
PID000677,Grocery,Mid-range,14.21,33,5858.47,56.99,332,4.1,81.9,594
PID000678,Home & Kitchen,Budget,34.85,20.1,4268.74,135.1,373,3.7,73.8,376
PID000679,Home & Kitchen,Premium,71.22,14,5532.27,67.96,115,4.6,94.5,453
PID000680,Grocery,Mid-range,12.84,2.9,2452.81,116.28,128,4,74.1,46
PID000681,Toys & Games,Mid-range,13.34,5.4,7491.91,37.33,313,4.4,77.3,476
PID000682,Grocery,Budget,8.11,43.1,3161.51,83.52,333,3.3,100,491
PID000683,Toys & Games,Mid-range,24.92,2.8,4284.23,16.6,299,3.8,74.6,148
PID000684,Toys & Games,Mid-range,38.53,2.3,5946.27,65.74,194,3.7,96.5,297
PID000685,Furniture,Premium,490.06,14,3700.94,302.37,106,4.7,89.4,382
PID000686,Apparel,Premium,33.95,2.6,8276.4,118.46,69,4,85.8,415
PID000687,Toys & Games,Budget,39.1,17.8,2852.77,33.31,264,3.7,86.1,220
PID000688,Furniture,Mid-range,241.66,15.5,5280.28,490.52,237,3.5,98.3,624
PID000689,Apparel,Premium,103.85,7.5,2795.72,82.07,89,4.7,90.3,242
PID000690,Furniture,Mid-range,504.01,18.8,2598.87,504.42,318,4.2,87.7,562
PID000691,Grocery,Mid-range,19.96,6.7,6944.52,140.36,250,4,93.1,577
PID000692,Sports & Fitness,Premium,120.4,8.4,4241.25,101.26,140,3.8,100,294
PID000693,Electronics,Premium,315.94,5.8,4560.55,258.55,91,4.7,80.2,325
PID000694,Toys & Games,,19.76,13.6,5945.79,42.49,356,4,86.6,374
PID000695,Sports & Fitness,Premium,54.13,4,5465.37,41.56,95,4.4,95.1,350
PID000696,Toys & Games,Mid-range,24.66,20.7,3666.54,16.6,176,3.8,97.3,312
PID000697,Beauty & Personal Care,Premium,51.57,11.9,5257.07,87.53,86,3.4,85.4,176
PID000698,Sports & Fitness,Mid-range,57.63,23.8,7492.62,88.6,231,3.5,78.4,391
PID000699,Beauty & Personal Care,Budget,15.95,22.8,1722.86,76.69,563,4.5,,609
PID000700,Grocery,Budget,13.62,26.6,4370.96,63.38,297,3,76.3,189
PID000701,Furniture,Mid-range,349.73,11.2,4244.32,286,177,4.4,88.9,309
PID000702,Electronics,Mid-range,269.07,15.9,3170.96,203.48,,4.8,75.3,400
PID000703,Electronics,Premium,305.78,7,898.53,414.15,107,4,98.8,310
PID000704,Electronics,Mid-range,304.53,10.1,5874.62,214.27,299,4.5,81,497
PID000705,Apparel,Mid-range,42.16,30.6,4120.56,27.84,299,3.5,76.2,312
PID000706,Furniture,Budget,120.3,12.1,2331.41,378.91,475,3.3,90.4,552
PID000707,Home & Kitchen,Budget,16.35,4,2567.77,152.78,433,3.9,85.1,351
PID000708,Furniture,Premium,490.75,17.6,6366.92,155.78,217,4.2,90.6,290
PID000709,Toys & Games,Mid-range,26.83,21.6,5116.98,31.87,303,3.7,93,402
PID000710,Grocery,Mid-range,16.09,8.7,4190.84,52.39,158,4.2,85.8,323
PID000711,Beauty & Personal Care,Mid-range,31.7,19.5,5760.3,25.44,329,4.1,82,521
PID000712,Apparel,Budget,28.82,25.7,3620.26,28.08,569,2.5,80.1,208
PID000713,Toys & Games,Mid-range,36.04,13.6,4560.37,82.71,216,3.8,92.3,305
PID000714,Grocery,Budget,7.77,27.8,3165.67,86.98,460,3.8,77.3,412
PID000715,Home & Kitchen,Premium,103.11,,1763.97,26.14,103,4.5,88.5,62
PID000716,Apparel,Mid-range,71.95,27.9,5722.22,90.25,171,4,79,344
PID000717,Furniture,Budget,115.96,31.8,4270.08,273.35,298,2.9,100,562
PID000718,Beauty & Personal Care,Mid-range,25.08,13.9,7170.73,31.76,338,4,79.4,478
PID000719,Beauty & Personal Care,Premium,,6.1,4465.21,122.33,101,3.7,99.7,292
PID000720,Grocery,Mid-range,14.08,20.4,2137.97,35.01,153,4.2,90.5,214
PID000721,Furniture,Premium,583.22,6.2,2283.74,101,116,4.2,74.7,5
PID000722,Grocery,Budget,12.78,10.1,3958.46,80.26,545,2.9,88.1,279
PID000723,Furniture,Mid-range,466.62,47.3,2127.4,502.36,269,4.4,88.3,736
PID000724,Apparel,Mid-range,42.42,16.1,2171.01,59.66,312,3.8,86.4,209
PID000725,Furniture,Premium,860.94,4.9,6530.52,294.95,146,4.3,100,148
PID000726,Beauty & Personal Care,Budget,15.59,8.7,5081.13,16.15,597,3.5,73.4,398
PID000727,Toys & Games,Budget,18.67,4.4,4378.77,16.6,420,3.1,84.5,195
PID000728,Grocery,Mid-range,24.1,3.5,3789.16,51.49,182,3.2,85.2,5
PID000729,Grocery,Budget,12.88,20.9,5621.93,67.54,249,3.2,94.4,384
PID000730,Furniture,Mid-range,258.45,14.1,5904.62,380.9,330,4.6,91.8,826
PID000731,Furniture,Mid-range,417.66,19.1,3777.42,49,311,4.3,89.2,306
PID000732,Electronics,Premium,496.26,11,6994.32,144.47,125,3.8,89.8,67
PID000733,Electronics,Premium,523.4,15.8,601.54,299.15,174,4.1,97.5,180
PID000734,Home & Kitchen,Premium,65.05,8.1,6443.3,182.78,80,3.3,66.1,115
PID000735,Sports & Fitness,Mid-range,69.17,5.8,2034.72,76.49,307,3.3,80.4,63
PID000736,Grocery,Mid-range,13.59,25.5,7491.56,15.02,131,3.9,92.7,459
PID000737,Apparel,Mid-range,45.75,7,2246.6,18.06,202,4.7,93.9,279
PID000738,Apparel,,63.19,4.6,4646.65,82.64,78,5,65.3,322
PID000739,Sports & Fitness,Mid-range,55.96,21.9,150,84.47,364,3.5,93.4,195
PID000740,Apparel,Mid-range,41.86,15.1,,,363,3.9,87.1,416
PID000741,Sports & Fitness,Premium,94.05,3.3,9045.69,19.19,155,4.3,100,444
PID000742,Apparel,Mid-range,31.69,13,5183.98,38.99,315,4.2,93.8,461
PID000743,Electronics,Mid-range,227.35,3.9,4608.82,41.12,137,3.9,86,78
PID000744,Toys & Games,Budget,34.87,23.1,3436.55,16.6,443,2.8,73.3,193
PID000745,Beauty & Personal Care,Budget,22.61,7.9,1848.13,92.27,287,3.6,69.2,68
PID000746,Furniture,Premium,558.85,2.2,,49,116,4.3,64,5
PID000747,Beauty & Personal Care,Budget,21.1,30.8,3816.54,49.1,382,3.9,71,474
PID000748,Toys & Games,Budget,,9.7,4089.16,16.6,432,3.7,75.6,226
PID000749,Beauty & Personal Care,Mid-range,30.91,11.4,5530.76,16.15,237,3.7,100,309
PID000750,Grocery,Mid-range,17.61,18.2,5974.35,60.89,272,3.8,95.8,462
PID000751,Electronics,Premeium,550.35,16.8,7729.06,350.82,182,4.5,84.8,525
PID000752,Toys & Games,Budget,17.96,19.3,2827.25,62.76,412,3.3,89.8,240
PID000753,Sports & Fitness,Budget,15.44,16.7,1624.4,218.08,233,3.9,85.6,363
PID000754,Beauty & Personal Care,Budget,14.73,22.1,493.37,106.37,551,3.8,80.6,548
PID000755,Apparel,Budget,27.71,12.8,,49.08,244,3,86.6,5
PID000756,Beauty & Personal Care,Budget,14.52,9.9,1245.31,82.89,444,3.6,88.2,291
PID000757,Furniture,Mid-range,436.82,37.8,,357.96,167,3.6,75.6,470
PID000758,Sports & Fitness,Premium,101.37,5.7,6068.47,77.71,145,4.3,,368
PID000759,Grocery,Budget,9.17,16.6,4000.46,36.34,,3.7,90.1,504
PID000760,Electronics,Mid-range,236.16,5.3,3039.77,145.08,294,4.1,80.6,121
PID000761,Beauty & Personal Care,Premium,49.25,14.2,3703.58,123.12,156,4.1,88.2,429
PID000762,Furniture,Budget,137.66,38,3801.32,302.7,317,2.9,86.4,475
PID000763,Toys & Games,Mid-range,24.04,30.7,150,62.69,347,3.7,73.4,222
PID000764,Electronics,Premium,320.06,16.6,2967.53,74.6,121,3.8,,5
PID000765,Home & Kitchen,Premium,85.35,9,7522.92,20.31,201,3.3,94.2,321
PID000766,Home & Kitchen,Premium,101.22,5.9,3398.1,85.73,139,4.7,92.2,414
PID000767,Electronics,Mid-range,348.66,,2677.02,233.66,244,4.4,87.1,429
PID000768,Electronics,Premium,492.04,11.6,2568.12,50.46,185,4,87.1,5
PID000769,Apparel,Mid-range,49.81,18.3,5710,154.63,326,4.7,72.3,584
PID000770,Grocery,Mid-range,20.25,11.9,3593.68,44.04,250,3.6,88.5,147
PID000771,Beauty & Personal Care,Premium,23.31,11.4,3292.98,155,86,4.5,97.9,549
PID000772,Toys & Games,Midrange,36.17,14.4,2829.87,82.24,,3.7,84.4,144
PID000773,Electronics,Mid-range,312.77,8.1,5045.95,190.05,273,3.3,73.5,151
PID000774,Sports & Fitness,Budget,23.18,39.9,3648.17,34.74,304,3.1,73.2,267
PID000775,Sports & Fitness,Premium,50,5.3,6302.5,52.4,76,4.9,82.8,387
PID000776,Sports & Fitness,Premium,88.2,5.9,8046.52,143.04,94,4.6,81.1,570
PID000777,Toys & Games,Mid-range,16.58,24.9,5131.86,52.56,186,3.9,73.5,231
PID000778,Home & Kitchen,Mid-range,24.39,15.9,3929.11,20.31,148,3.9,86,251
PID000779,Toys & Games,Mid-range,28.27,29.2,3062.13,63.88,225,4.6,100,466
PID000780,Beauty & Personal Care,Budget,16.64,9.1,151.2,29.31,223,3.5,87.3,5
PID000781,Apparel,Budget,49.23,28.5,4547.76,29.66,281,3.7,91.5,409
PID000782,Furniture,Premium,355.36,4.7,150,450.59,,4.3,88,285
PID000783,Grocery,Premium,51.01,2.4,6572.76,29.01,162,4.5,89,345
PID000784,Electronics,Mid-range,139.02,16.7,5402.23,369.83,200,3.7,83.6,596
PID000785,Furniture,Budget,149.61,13.7,1789.37,347.56,566,3.3,88.1,491
PID000786,Toys & Games,Midrange,32.44,15.2,2369.84,40.91,307,3.7,73.6,61
PID000787,Electronics,Budget,92.37,35.4,2024.5,41.12,535,3.7,86,448
PID000788,Grocery,Mid-range,15.67,8.4,3779.5,54.39,185,3.1,69.8,10
PID000789,Grocery,Mid-range,10.38,4.6,6405.15,63.64,267,4.2,80,415
PID000790,Toys & Games,Budget,17.81,6.6,4379.83,36.93,470,3.6,89.9,299
PID000791,Furniture,PREMIUM,530.89,8.2,6256.37,241.4,182,3.9,100,214
PID000792,Electronics,Premium,631.63,6.1,7133.83,41.12,126,4,89.4,5
PID000793,Beauty & Personal Care,Mid-range,41.6,25.6,6127.32,103.12,335,4,80.3,680
PID000794,Sports & Fitness,Mid-range,43.84,12.6,3187.16,67.93,139,3.6,98.4,172
PID000795,Electronics,Premium,268.72,3.8,7501.16,246.9,84,4.7,83,506
PID000796,Beauty & Personal Care,Mid-range,28.41,37.7,5284.32,42.03,287,3.3,93.8,569
PID000797,Furniture,Mid-range,401.72,7.4,4453.26,175.88,285,3.6,86.1,167
PID000798,Grocery,Budget,14.14,14.3,5652.84,35.72,540,3.7,77.3,422
PID000799,Sports & Fitness,Mid-range,49.56,13.8,4886.13,163.24,246,3.9,89.8,447
PID000800,Furniture,premium,581.34,2.1,7784.55,257.25,169,4.2,80.9,160
PID000801,Furniture,Mid-range,546.23,10.8,3240.74,442.26,222,4.2,93.4,426
PID000802,Furniture,Premium,322.31,1.4,4236.01,86.58,148,3.9,82,34
PID000803,Grocery,Mid-range,24.89,12.2,4637.44,60.97,156,3.9,100,324
PID000804,Apparel,Mid-range,35.41,6.3,9535.13,108.29,216,3.8,88.1,502
PID000805,Electronics,Mid-range,126.3,,2955.59,152.77,195,3.6,97.9,275
PID000806,Home & Kitchen,Premium,108.46,14.2,2567.46,41.82,220,4.9,75.4,385
PID000807,,Premium,209.91,4.4,6585.88,110.38,164,4.8,91.8,422
PID000808,Electronics,,401.87,14.3,5317.02,190.33,187,3.3,89.7,80
PID000809,Furniture,Mid-range,406.35,5.4,8410.46,49,355,4,68.8,147
PID000810,Home & Kitchen,,,26.6,6649.63,148.46,239,4.1,77.1,463
PID000811,Grocery,Mid-range,20.44,19.1,8137.76,57.24,211,4,84.4,464
PID000812,Furniture,premium,409.7,6,2712.44,216.96,141,4.9,90.3,301
PID000813,Electronics,Mid-range,302.82,14.2,2124.43,440.38,125,4.2,100,546
PID000814,Furniture,Mid-range,290.2,32.7,,49,129,4.9,100,439
PID000815,Toys & Games,Mid-range,51.51,33.9,150,142.39,322,3.3,68.9,204
PID000816,Apparel,Budget,10.22,28.1,2502.44,91.54,392,4,67.3,354
PID000817,Sports & Fitness,Budget,22.09,40.8,6461.23,221.6,372,3.6,80.6,746
PID000818,Apparel,Mid-range,49.09,18.3,6688.51,18.06,200,3.6,93.5,419
PID000819,Home & Kitchen,Mid-range,73.23,4.2,5307.07,86.95,358,3.1,86.8,243
PID000820,Sports & Fitness,Mid-range,72.34,12.6,6617.31,54.92,306,3.7,88.6,358
PID000821,Grocery,Budget,8.26,34,2252,80.97,533,2.9,81,335
PID000822,Toys & Games,Budget,33.13,5.2,3750.64,46.08,539,2.7,73.9,63
PID000823,Furniture,Budget,301.11,15.2,3956.77,341.74,438,2.6,88.1,316
PID000824,Apparel,Budget,32.15,5.9,,65.04,519,3.5,73.2,194
PID000825,Electronics,Mid-range,252.64,25.2,6470.46,242.36,291,3.4,84.5,472
PID000826,Furniture,Premium,507.23,13.6,2782.42,219.89,174,,76.3,5
PID000827,Apparel,Premium,73.73,13.3,6289.88,103.35,87,4.1,65.6,276
PID000828,Apparel,Mid-range,54.51,10.4,5602.55,126.08,361,3.8,77.4,381
PID000829,Grocery,Budget,14.72,4,3936.58,15.02,355,3.1,79.4,73
PID000830,Furniture,Premium,653.27,,4627.12,63.91,111,4.6,96.9,5
PID000831,Home & Kitchen,Budget,21.75,13.4,3817.99,171.77,292,4.1,90.8,435
PID000832,Beauty & Personal Care,Mid-range,42.99,17.5,3328.53,112.87,346,3.9,78.2,374
PID000833,Grocery,budget,8.44,2,4139.39,115.08,356,3.4,98.2,297
PID000834,Sports & Fitness,Budget,36.55,37,5557.88,19.19,478,3.4,90.4,571
PID000835,Grocery,Budget,13.56,48,3839.26,26.62,513,3.7,76.9,579
PID000836,Electronics,Mid-range,319.94,9.7,3060.44,41.12,254,3.5,100,29
PID000837,Sports & Fitness,Mid-range,21.2,15.7,4455.31,150.26,,3.5,83,299
PID000838,,Mid-range,89.04,11.1,3141.46,95.07,249,3.9,82.4,253
PID000839,Electronics,Budget,165.68,22.9,1554.7,41.12,525,3.3,80.2,257
PID000840,Beauty & Personal Care,Mid-range,31.1,4.6,4421.01,103.91,,3.6,79.6,197
PID000841,Beauty & Personal Care,Budget,17.15,8,3008.84,87.75,414,3.8,87.1,408
PID000842,Grocery,Budget,12.71,24.3,151.98,72.65,221,2.9,86.8,5
PID000843,Toys & Games,Budget,26.61,12.9,4980.8,40.6,335,3.5,91.5,304
PID000844,Home & Kitchen,Premium,128.18,6.3,7696.85,152.91,134,3.8,90.9,382
PID000845,Furniture,Budget,220.84,18.7,4900.03,133.38,549,3.2,92,372
PID000846,Apparel,Mid-range,46.83,11.4,3639.41,97.61,153,3.8,78.8,204
PID000847,Home & Kitchen,Premium,86.79,8.5,4178.24,112.61,162,4,90.5,313
PID000848,Toys & Games,Budget,23.61,24.1,2678.35,78.86,545,3.1,79.2,207
PID000849,Grocery,Budget,4.47,28.3,1110.77,36.21,237,2.9,84.4,101
PID000850,Furniture,Budget,248.96,17.1,1394.2,396.39,233,3.5,82.9,332
PID000851,,Mid-range,27.6,14.7,5547.96,74.64,124,3.3,68.6,89
PID000852,Home & Kitchen,Mid-range,51.46,12.8,2303.5,22.08,210,2.5,87,5
PID000853,Apparel,Mid-range,33.82,7.8,1084.33,127.04,297,4.2,,222
PID000854,Home & Kitchen,,16.47,18.6,3542.17,90.54,501,3.7,89.5,479
PID000855,Home & Kitchen,Mid-range,34.34,15.8,5181.8,101.54,238,4,100,459
PID000856,Sports & Fitness,Mid-range,75.89,9.5,5190.6,76.39,282,3.6,95.4,341
PID000857,Grocery,BUDGET,3.53,11.6,4054.25,60.3,537,3.3,93.3,385
PID000858,Toys & Games,Mid-range,16.45,13.8,1554.25,78.43,274,4,84.9,162
PID000859,Home & Kitchen,Mid-range,96.92,5.4,4447.65,83.84,326,4.6,88.8,502
PID000860,Furniture,Premium,799.32,2.6,5050.98,258.62,121,3.8,77.8,5
PID000861,Home & Kitchen,Mid-range,80,37.2,3967.81,44.73,260,3.4,87.4,350
PID000862,Beauty & Personal Care,Budget,24.37,5.1,3316.45,57.39,367,4.1,93.4,1423
PID000863,Toys & Games,Mid-range,41.55,4.9,5371.43,115.44,198,4,70,267
PID000864,Grocery,Budget,8.35,32.5,3629.03,52.54,336,3.5,86.8,294
PID000865,Furniture,Mid-range,352.84,17.7,3835.86,49,264,3.7,80.5,5
PID000866,Apparel,Budget,10.02,37.7,3429.27,61.76,313,3.1,75.7,259
PID000867,Beauty & Personal Care,Budget,16.89,7.1,5228.43,33.69,520,2.7,,427
PID000868,Beauty & Personal Care,Mid-range,23.07,16.7,3145.85,68.12,183,4.1,82.1,311
PID000869,Home & Kitchen,Mid-range,28.99,13.2,4760.21,112.33,334,4.1,74.3,423
PID000870,Beauty & Personal Care,Mid-range,9.18,20.8,5660.31,117.68,242,4.8,78.2,728
PID000871,Apparel,Mid-range,59.89,16.7,3840.83,18.06,341,3.3,98.7,236
PID000872,,Premium,82.41,14.9,823.15,150.4,151,5,85,376
PID000873,Apparel,Mid-range,69.25,6.9,4070.17,20.82,277,3.8,82.5,178
PID000874,Toys & Games,Mid-range,38.66,27.5,7388.94,57.02,,3.7,97.6,562
PID000875,Electronics,Budget,108.44,27.4,1336.37,271.73,294,4,81,498
PID000876,Electronics,Mid-range,208.83,44.9,4078.49,240.79,174,3.4,78.1,425
PID000877,Grocery,Budget,11.68,36.5,3739.41,82.11,573,3.3,83.5,519
PID000878,Electronics,Premium,534.87,1.3,3411.54,218.15,116,4.2,109.7,141
PID000879,Toys & Games,Budget,28.82,7.4,2089.23,55.54,352,3.3,81.2,25
PID000880,Electronics,Premium,346.53,3.2,2299.56,178.28,143,4.1,84.8,80
PID000881,Electronics,Premium,314.37,14,3765.96,327.25,91,4.9,79.7,442
PID000882,Furniture,Premium,336.77,10.8,2456.52,55.43,211,3.7,85.5,9
PID000883,Beauty & Personal Care,Budget,25.41,13.5,1636.03,121.6,288,3.4,76.2,206
PID000884,Grocery,Premium,23.57,11.4,1152.15,79.13,114,3.8,98,148
PID000885,Toys & Games,Mid-range,21.64,28,5177.22,145.62,277,3.9,77.4,499
PID000886,,Mid-range,15.72,24.8,1870.85,29.04,205,4.7,84.4,378
PID000887,Toys & Games,Mid-range,27.34,20.9,4776.48,127.88,338,4.7,74.7,496
PID000888,Grocery,Budget,9.67,3.4,1774.51,67.39,299,3.8,81,101
PID000889,,Mid-range,35.64,14.2,2888.82,24.55,297,3.7,95.5,288
PID000890,Electronics,Premium,481.79,15.2,2012.77,346.2,196,4.7,100,372
PID000891,Toys & Games,Mid-range,34.82,12.1,4844.25,35.77,281,3.5,77.7,132
PID000892,Electronics,Budget,228.02,31.4,3290.46,208.64,306,3.9,92.4,490
PID000893,Sports & Fitness,Premium,119.96,6.5,4636.93,129.5,103,4,89.3,158
PID000894,Grocery,Mid-range,16.09,16.1,3485.37,15.02,348,,92.2,388
PID000895,Apparel,,43.39,18.4,5526.28,152.99,235,3.8,89.7,497
PID000896,,Premium,63.44,7.1,9700.37,62.84,178,5,100,797
PID000897,Electronics,Mid-range,137.75,40.2,3683.72,249.95,352,4.4,86.8,842
PID000898,Furniture,,290.59,7.6,10574.91,453.54,104,4,86.7,677
PID000899,,Mid-range,291.49,21.9,1994.24,391.72,350,3.7,68.3,293
PID000900,Home & Kitchen,Budget,45.28,31.4,2483.44,57.69,225,2.9,87.2,191
PID000901,Sports & Fitness,Budget,19.75,37.7,2401.98,94.88,575,2.9,90.6,537
PID000902,Electronics,Mid-range,304.91,26.5,4524.75,285.38,161,3.7,100,366
PID000903,Apparel,Mid-range,30.19,20.1,4684.45,90.7,333,3.8,73.9,326
PID000904,ELECTRONICS,Mid-range,275.81,10.3,1894.6,210.25,317,3.4,84.1,153
PID000905,Sports & Fitness,Mid-range,53.01,17.1,2035.06,139.27,289,4.7,75,460
PID000906,Toys & Games,Mid-range,29.77,39,1264.08,66.82,233,3.7,83.2,306
PID000907,Home & Kitchen,Mid-range,55.93,12.7,6570.13,37.48,217,3.9,97.4,405
PID000908,Sports & Fitness,Budget,18.96,15.1,3812.48,46.95,501,3.8,100,550
PID000909,Electronics,Budget,129.69,14.5,4777.79,204.02,427,3.7,71.8,429
PID000910,Beauty & Personal Care,Mid-range,36.69,10.7,150,16.15,336,3.7,88.4,136
PID000911,Apparel,Premium,37.48,7.2,3847.95,156.97,212,4,100,370
PID000912,Home & Kitchen,,71.78,11.6,2986.6,94,549,4,92,439
PID000913,Beauty & Personal Care,Budget,21.09,28.2,4524.5,124.15,394,3.3,77.6,537
PID000914,Electronics,Mid-range,290.95,30.6,4885.02,300.12,234,4.4,84.3,664
PID000915,Grocery,Mid-range,21.64,4.9,4336.95,21.49,147,3.6,99.4,215
PID000916,Apparel,Budget,25.66,34,1976.45,126.72,421,3.7,97.7,515
PID000917,Apparel,Budget,17.63,12.8,1290.6,33.8,294,3.5,85,5
PID000918,Home & Kitchen,Budget,53.2,23.9,5242.92,125.35,591,3.1,79.2,523
PID000919,Electronics,Mid-range,338.37,8.2,5375.87,189.99,339,3.6,81.5,222
PID000920,Beauty & Personal Care,Premium,24.95,5.7,8066.91,52.04,123,,100,682
PID000921,Grocery,Budget,9.75,4.3,5147.34,110.46,570,3.4,82.5,441
PID000922,Beauty & Personal Care,Budget,22.33,7,3042.92,120.54,563,3.5,76.5,431
PID000923,Grocery,Mid-range,20.87,12.9,3343.5,108.47,172,4.3,86.1,324
PID000924,Toys & Games,Mid-range,32.15,11.5,3323.08,100.54,257,3.8,95.6,274
PID000925,Apparel,Budget,28.1,32,6085.03,49.72,556,3.9,92.9,731
PID000926,Home & Kitchen,Mid-range,36.31,9.8,3324.16,51.17,248,3.8,82.1,235
PID000927,Home & Kitchen,Mid-range,51.92,28.9,150,25.58,362,3.1,85.5,77
PID000928,Home & Kitchen,Budget,33.99,11,4305.31,93.01,382,3,86.5,335
PID000929,Apparel,Budget,29.18,22.5,6146.62,146.07,352,4.2,86.8,558
PID000930,Beauty & Personal Care,Premium,30.3,6,,,126,4.2,96.3,305
PID000931,Beauty & Personal Care,Mid-range,24.52,17.2,8340.95,27.28,348,3.7,65.7,504
PID000932,Furniture,Premium,492.16,14.4,5205.99,344.89,175,3.2,100,298
PID000933,Home & Kitchen,Mid-range,91.34,8.5,2035.46,,372,,71.6,160
PID000934,Grocery,Budget,13.43,25,4423.04,105.86,457,3.9,75.2,495
PID000935,Electronics,Mid-range,184.07,5.7,7558.07,279.18,279,4.4,79.4,611
PID000936,Electronics,Budget,210.33,18.7,,41.12,383,3.2,77.9,163
PID000937,Apparel,Mid-range,36.08,15.8,6290.75,27.66,325,3.5,88,343
PID000938,Toys & Games,Mid-range,27.45,10.5,3677.04,74.18,268,4.1,73.8,219
PID000939,Electronics,Mid-range,282.49,27.2,3407.09,297.95,371,4.5,84.7,734
PID000940,Grocery,Budget,8.36,27.6,4269.4,81.49,260,,95,448
PID000941,Home & Kitchen,Mid-range,81.3,12.5,4466.86,125.96,354,4.4,82.5,434
PID000942,Electronics,Mid-range,256.97,9.7,5091.95,107.65,296,3.9,90.8,270
PID000943,Sports & Fitness,Premium,69.72,19.7,5814.49,144.01,69,4.5,92.9,464
PID000944,Electronics,Mid-range,237.68,33,3177.77,200.14,242,4,93.2,587
PID000945,Sports & Fitness,Mid-range,62.18,5.7,4421.36,119.68,240,3.7,94.9,305
PID000946,Electronics,Budget,152.03,24.4,6765.55,41.12,271,4.1,88.8,509
PID000947,Electronics,Mid-range,,10.2,5792.91,188.84,258,4.1,72.5,242
PID000948,,Mid-range,67.5,24.4,6828.83,131.97,314,3.8,79.3,486
PID000949,Grocery,Mid-range,24.03,19.5,3437.97,34.79,229,3.7,73.7,173
PID000950,Apparel,Mid-range,42.06,25.1,5768.76,58.03,243,3.9,90.5,493
PID000951,Apparel,Mid-range,60.03,13.2,7415.93,105.76,249,3.9,93.3,464
PID000952,Toys & Games,Budget,17.99,18.9,3502.43,70.12,543,3.9,93.9,540
PID000953,Apparel,Mid-range,45.63,3.6,3601.43,169.14,171,3.9,,282
PID000954,Furniture,Mid-range,,16.9,,369.3,159,4.6,88.4,480
PID000955,Toys & Games,Budget,28.07,19.4,2713.34,90.27,310,3.7,78.9,237
PID000956,Home & Kitchen,Budget,52.91,31.8,3575.16,98.59,364,3.4,92.3,376
PID000957,Beauty & Personal Care,Mid-range,48.26,8.9,10214.79,68.16,264,3.4,83.8,588
PID000958,Furniture,Mid-range,279.81,7.8,5535.2,210.45,226,4.4,85.6,454
PID000959,Apparel,Mid-range,49.75,22.8,,38.93,157,4.3,87.2,249
PID000960,Grocery,Budget,14.54,20.4,3705.87,15.02,394,3,71.7,179
PID000961,Beauty & Personal Care,Mid-range,23.32,9.3,2307.99,60.25,169,3,72.7,5
PID000962,Toys & Games,Mid-range,29.57,21.9,3930.79,121.11,209,3.5,90.6,266
PID000963,Grocery,Mid-range,30.27,5.6,3966.52,19.98,295,3.6,71.9,73
PID000964,Electronics,Mid-range,203.34,3.9,1494.53,416.52,311,3.7,76.2,324
PID000965,Electronics,Premium,315.06,8.2,4981.47,41.12,62,4.2,78.3,5
PID000966,Home & Kitchen,Mid-range,45.32,16.4,7574.55,53.67,374,3.9,78.5,542
PID000967,Electronics,Premium,498.56,16.6,365.69,41.12,204,5,85.4,5
PID000968,Toys & Games,Budget,11.8,22.6,2619.12,70.61,590,3.4,98,459
PID000969,Toys & Games,Mid-range,30.67,6.6,2843.07,42.47,362,4,72.3,206
PID000970,Apparel,Mid-range,51.99,15.3,3866.2,71.9,373,3.8,79.3,298
PID000971,,Mid-range,38.58,4.1,7486.19,48.94,344,3.8,91.6,452
PID000972,Grocery,Budget,12.57,26,3316.08,48.23,257,2.9,97.3,192
PID000973,Grocery,Mid-range,-19.55,11.4,6030.5,15.02,279,4.4,90,426
PID000974,Home & Kitchen,Mid-range,113.28,13.8,1341.96,84.74,,4,100,334
PID000975,Electronics,Premium,360.59,6.9,4625.84,190.18,120,4,76.7,70
PID000976,Sports & Fitness,Budget,84.01,16.1,6914.28,186.92,508,4,82.9,776
PID000977,Beauty & Personal Care,Premium,56.88,8,3519.31,102.36,188,3.7,75.9,184
PID000978,Home & Kitchen,Budget,39.56,26.5,4128.39,24.33,500,3.6,63.3,274
PID000979,Apparel,Budget,30.64,9.4,1802.17,133.31,313,3.6,80,210
PID000980,Grocery,Budget,12.81,8.3,4512.89,74.19,224,3.6,93,261
PID000981,Apparel,Mid-range,47.07,15.4,788.92,113.27,158,4,81.4,81
PID000982,Electronics,Mid-range,292.92,22.4,3011.2,120.51,136,,77,94
PID000983,Sports & Fitness,Budget,14.99,17.5,5802,29.24,327,3.4,77.5,314
PID000984,Apparel,Budget,21.91,11.2,2535.17,35.95,223,3.7,100,268
PID000985,Home & Kitchen,Premium,79.34,5.9,7655.72,67.28,72,5,72.7,436
PID000986,Home & Kitchen,Budget,20.82,4.4,4699.22,20.31,372,3.6,86.5,282
PID000987,Electronics,Mid-range,226.75,17.7,1045.12,293.91,207,4,95.8,351
PID000988,Home & Kitchen,Budget,83.65,16.7,7921.98,95.88,529,3.3,80.7,533
PID000989,Beauty & Personal Care,Mid-range,23.43,9.2,7777.33,133.5,208,4.2,96.3,624
PID000990,Home & Kitchen,Budget,58.45,26.8,3746.19,20.31,471,4,75.2,439
PID000991,Home & Kitchen,Premium,75.64,10,1881.96,57.76,112,4.2,87,54
PID000992,Grocery,Mid-range,13.46,3.4,,15.02,234,4.4,71.2,45
PID000993,Apparel,Budget,15.81,24.2,4297.51,77.88,586,3.1,67,271
PID000994,Sports & Fitness,Mid-range,47.21,8.4,4527.45,19.19,174,3.5,100,231
PID000995,Apparel,Mid-range,53.65,17.9,6521.01,46.8,320,4.3,74.6,409
PID000996,Sports & Fitness,Mid-range,50.7,4.2,3316.59,57.51,,3.9,,152
PID000997,Sports & Fitness,Mid-range,46.6,21.2,150,64.35,327,3.3,,185
PID000998,Electronics,Mid-range,211.03,22.8,3207.63,205.12,208,4.1,81.6,308
PID000999,Apparel,Budget,22.66,32,3856.35,60.58,596,4.3,98.3,720
PID001000,Furniture,Mid-range,293.77,34,5462.93,49,140,3.7,92.7,256
PID001001,Toys & Games,Budget,28.03,32.2,3731.01,136.43,362,3.5,91.5,445
PID001002,Toys & Games,Mid-range,,12.3,3325.9,167.6,166,3.3,60,39
PID001003,Sports & Fitness,Mid-range,60.7,8.2,3220.45,19.19,182,2.8,84.6,5
PID001004,,Premium,61.44,2,2105.67,39.04,187,3.4,68.5,5
PID001005,Home & Kitchen,Premium,91.35,0.7,4069.26,90.84,106,4,79.3,72
PID001006,home & kitchen,Mid-range,21.81,31.8,4121.5,101.78,249,3.5,79.7,408
PID001007,Apparel,Mid-range,30.96,21,4007.69,18.06,288,3.7,86.5,339
PID001008,Sports & Fitness,Premium,117,5,5896.14,133.29,176,3.5,80.6,189
PID001009,Grocery,Budget,16.93,17.2,2943.09,45.55,457,3.3,92.1,265
PID001010,Toys & Games,Premium,36.25,8.9,4703.96,44.62,135,4.2,91,181
PID001011,Apparel,Budget,23.25,25.4,2287.53,35.24,572,2.8,72.6,209
PID001012,Toys & Games,Mid-range,17.28,37,2750.73,99.52,327,3.9,85.4,421
PID001013,Home & Kitchen,Mid-range,58.75,15.8,4451.34,48.04,372,3.5,66,192
PID001014,Electronics,Mid-range,197.41,13.8,5574.18,270.86,197,3.8,73.6,434
PID001015,Apparel,Premium,79.96,13.6,962.47,34.19,182,4.4,85.2,158
PID001016,Furniture,Mid-range,440.2,7.5,6891.18,263.32,150,3.9,86.8,336
PID001017,Beauty & Personal Care,Budget,17.01,32.6,2484.74,57.23,487,4,71.5,559
PID001018,Beauty & Personal Care,Budget,26.56,6.7,3802.54,52.61,424,3.1,97.2,250
PID001019,Electronics,Mid-range,375.89,16.8,8970.75,50.45,133,3.8,89.9,310
PID001020,,Premium,98.03,10.3,9093.68,221.28,186,4.3,79.1,618
PID001021,Furniture,Mid-range,156.07,12,4605.7,49,181,3.5,94.4,147
PID001022,Apparel,Budget,30.17,16.9,1880.91,18.06,383,3.5,94.1,227
PID001023,Apparel,Mid-range,65.71,5.2,2960.27,78.29,367,,93.4,176
PID001024,Electronics,Mid-range,297.75,12.8,6892.2,,171,3.1,83.2,64
PID001025,Home & Kitchen,Budget,35.13,17.9,3183.28,50.23,397,3.3,89.8,337
PID001026,Sports & Fitness,Mid-range,44.43,18.7,5727.38,28.3,305,3.3,74.6,241
PID001027,Grocery,Budget,14.07,14.3,4041.39,84.76,576,3.8,91.3,518
PID001028,Electronics,Budget,,64.1,4368.56,192.37,527,3.4,87,868
PID001029,Home & Kitchen,Budget,68.56,25.7,3517.78,36.16,518,3.8,100,569
PID001030,Home and Kitchen,Budget,33.46,22.1,2844.24,83.69,378,3.7,71.3,192
PID001031,Sports & Fitness,Mid-range,90.84,13.2,3524.67,23.51,260,4.1,87.7,258
PID001032,Sports & Fitness,Mid-range,69.97,23.6,2554.78,124.87,138,3.8,100,332
PID001033,Beauty & Personal Care,Budget,24.73,16.4,3767.77,29.79,298,3.6,80.4,185
PID001034,Beauty & Personal Care,Premium,43.12,15.1,9391.03,70.3,125,3.3,87,427
PID001035,Grocery,Mid-range,11.09,16.9,5117.94,72.25,289,4.3,84,452
PID001036,Furniture,Mid-range,362.5,23.5,7152.45,432.87,214,3.7,82.5,579
PID001037,Electronics,Premium,344.94,7.9,1908.65,423.13,201,5,81.5,417
PID001038,Beauty & Personal Care,Budget,37.5,25.9,3212.35,85.58,561,4.1,82.7,640
PID001039,Sports & Fitness,Budget,32.39,46.7,1690.71,19.19,404,2.9,84.7,260
PID001040,Sports & Fitness,Mid-range,36.06,13.4,3132.03,117.97,145,3,84,103
PID001041,Electronics,Mid-range,500.62,3.7,3984.75,117.4,245,3.8,83.5,17
PID001042,Electronics,Mid-range,360.94,16.6,6716.58,111.43,138,3.7,99.3,222
PID001043,Apparel,Budget,48.92,3.1,150,20.67,542,4,91.9,132
PID001044,Furniture,Mid-range,571.35,11.9,3151.63,416.44,145,3.4,90.8,251
PID001045,Apparel,Budget,,25.4,2958.01,122.26,331,3.6,92.7,339
PID001046,Furniture,Budget,116.01,40.5,2616.46,49,543,3.1,,434
PID001047,Apparel,Budget,39.92,22.3,3348.86,58.46,438,3.1,89.2,358
PID003959,Sports & Fitness,Budget,20.6,5.9,364.78,77.34,526,4.2,86.3,354
PID001049,Electronics,Mid-range,421.13,0.5,4900.08,80.32,252,4,85.2,115
PID001050,Home & Kitchen,Budget,44.66,28.6,2357.69,41.62,527,3.3,98.2,388
PID001051,Apparel,Mid-range,63.05,19.4,1654.48,63.43,346,3.9,100,239
PID001052,Furniture,,222.91,19.3,5369.56,585.48,192,3.6,84.5,769
PID001053,Sports & Fitness,Mid-range,30.23,16.6,5599.85,19.19,316,3.4,82,251
PID001054,Apparel,Premium,76.96,9.5,4212.23,18.06,105,4.2,77.6,151
PID001055,Apparel,Mid-range,44.63,18.5,565.85,97.52,360,4.4,97.6,381
PID001056,Apparel,Mid-range,51.12,2,2674.62,70.99,252,3.8,79.3,99
PID001057,Toys & Games,Budget,12.83,23.9,3643.29,128.78,472,4.3,70.7,468
PID001058,Electronics,Premium,477.04,11,6323.48,207.81,166,4.5,82.6,365
PID001059,Grocery,Mid-range,20.07,13.7,2496.28,85.83,138,4.2,80.3,214
PID001060,Apparel,Budget,39.2,19.3,2774.43,44.48,440,3.8,82.7,374
PID001061,Apparel,Mid-range,48.76,17.9,2994.7,146.01,261,4.6,96.6,537
PID001062,Grocery,Premium,24.13,21.1,2889.24,75.87,151,4.8,86.2,335
PID001063,Electronics,Premium,495.37,11.1,7658.79,214.48,154,4.2,93.2,417
PID001064,Furniture,Budget,247.06,30.3,2115.46,310.81,294,2.6,84.9,226
PID001065,Grocery,Mid-range,26.83,31.9,7225.25,57.4,173,3.7,98.7,581
PID001066,Home & Kitchen,Budget,72.03,15.3,2576.32,107.67,294,4.1,87.8,392
PID001067,Beauty & Personal Care,Budget,30.82,43.4,3695.95,86.48,414,3.7,91.4,730
PID001068,Furniture,Premium,452.52,12.3,5873.85,128.24,80,4.6,78.3,211
PID001069,Apparel,Premium,97.91,8.6,,147.88,199,4.2,64.3,322
PID001070,Grocery,Budget,8.01,16.1,2983.3,64.05,382,3.2,92.6,273
PID001071,Grocery,Budget,17.58,34.6,4639.38,68.39,524,3.8,84.3,661
PID001072,Toys & Games,Budget,32.97,17.2,2378.57,84.35,476,3.3,85.2,279
PID001073,Apparel,Budget,14.78,14.9,611.34,85.85,539,4.1,100,567
PID001074,Furniture,Mid-range,229.56,11.8,4226.5,196.67,365,3.7,100,441
PID001075,Grocery,Budget,13.75,11.6,475.65,61.48,395,2.8,74.1,5
PID001076,Toys & Games,Mid-range,18.19,15.3,2258.16,16.6,206,3.1,96.4,102
PID001077,Apparel,Premium,90.69,12.2,2612.81,71.66,180,4.5,90.6,281
PID001078,Apparel,Mid-range,68.62,21.3,4070.24,18.06,,3.2,82.7,17
PID001079,Apparel,Budget,21.08,16.4,5608.84,18.06,539,3.5,100,579
PID001080,Apparel,Mid-range,57.94,26.7,1520.75,18.9,230,4.3,83.5,228
PID001081,Beauty & Personal Care,Mid-range,22.95,31.2,,49.81,309,3.3,98.4,396
PID001082,Beauty & Personal Care,Budget,36.51,20.6,2973.61,16.15,437,3.3,81.3,308
PID001083,Grocery,Budget,6.56,21,5267.76,45.52,575,3.1,80.2,464
PID001084,Furniture,Premium,656.9,10,7559.68,63,118,3.7,81.6,5
PID001085,Home & Kitchen,Mid-range,55.11,15.7,3160.13,211.57,,3.4,92.3,387
PID001086,Toys & Games,Budget,15.62,22.8,973.53,99.03,415,3.6,78.2,184
PID001087,Beauty & Personal Care,Budget,13.17,3.9,2179.16,16.15,567,2.7,79.6,168
PID001088,Electronics,Premium,554.48,2.6,7900.89,245.35,149,4.4,90.6,276
PID001089,Beauty & Personal Care,Premium,20.53,11.8,7203.16,59.61,134,4.2,85.7,476
PID001090,Toys & Games,Mid-range,8.303872825,28.7,3031.14,99.43,276,3.8,94.8,369
PID001091,Grocery,Mid-range,10.78,9.3,3731.33,59.08,247,4.3,92.7,332
PID001092,Beauty & Personal Care,Premium,14.77,4.6,3100.18,71.91,189,4.6,73.4,202
PID001093,Furniture,Mid-range,457.44,15.1,1760.07,49,285,3.3,91,5
PID001094,Apparel,Mid-range,52.91,1.9,5658.57,101.85,288,4.2,86.5,353
PID001095,Furniture,Premium,562.72,11.1,6485.99,302,155,4.7,80.1,381
PID001096,Grocery,Budget,18.21,49.6,4635.88,36.68,230,2.9,75.9,343
PID001097,Apparel,Budget,36.82,21.3,4874.08,111.4,513,3.3,80.7,464
PID001098,Home & Kitchen,Budget,70.83,24.4,3519.83,20.31,384,3.5,99.9,323
PID001099,Furniture,Premium,573.95,7.8,8803.68,317.96,79,5,90.5,613
PID001100,Apparel,Budget,30.4,12.4,5530.04,123.39,297,3.7,81.1,327
PID001101,Home & Kitchen,Mid-range,45.9,21.1,2894.21,157.04,184,3.8,77.8,210
PID001102,,Budget,10.06,11.3,2651.92,70.25,319,2.6,84.9,62
PID001103,Toys & Games,Premium,69.28,6.4,3867.68,143.67,199,4.8,74.5,314
PID001104,Sports & Fitness,Budget,55.93,3.6,3679.06,19.19,469,4.5,100,494
PID001105,Electronics,Mid-range,247.25,10,4115.36,233.22,,3.8,73.3,134
PID001106,Sports & Fitness,Mid-range,68.43,16.9,2104.06,89.1,199,3.5,69.2,81
PID001107,Grocery,Budget,,20.3,1718.6,70.3,375,4.1,73.1,251
PID001108,Home & Kitchen,Mid-range,66.31,25,2433.09,134.36,285,4.3,88.1,499
PID001109,Apparel,Mid-range,44.91,9.1,,118.61,181,4.3,89.4,525
PID001110,Electronics,Budget,163.72,20.4,3942.25,79.91,328,3.7,73.3,234
PID001111,Home & Kitchen,Budget,21.98,8.1,3375.58,146.31,485,3.5,81.7,374
PID001112,Apparel,Budget,36.95,22.1,,106.78,320,3.3,97.4,365
PID001113,Electronics,Mid-range,229.5,16.2,3455.56,41.12,151,3.8,76.8,64
PID001114,Toys & Games,Budget,10.8,25.4,3238.76,46.03,234,3.9,100,304
PID001115,Grocery,Budget,16.78,10.1,5041.4,91.02,502,2.9,94,363
PID001116,Beauty & Personal Care,Mid-range,28.8,23.7,4247.04,49.7,265,3.9,94.1,462
PID001117,Home & Kitchen,Premium,88.12,8.4,2217.62,54.03,61,3.9,81.5,5
PID001118,Beauty & Personal Care,Budget,14.14,15.9,4497.64,16.15,477,3.3,85.5,374
PID001119,Furniture,Mid-range,447.93,4.5,3231.24,111.57,256,4.2,80.7,52
PID001120,Grocery,Budget,12.81,11.2,5682.3,84.3,467,4.5,90.7,695
PID001121,Electronics,Premium,733.37,2.4,,337.04,71,3.4,71,5
PID001122,Home & Kitchen,Budget,52.74,43.6,2918.28,110.95,440,3.5,74.4,420
PID001123,Toys & Games,Budget,9.62,12.2,2060.4,60.9,361,3.1,67.7,96
PID001124,Grocery,Budget,10.66,14.8,2379.38,52.19,315,3.7,65.3,143
PID001125,Sports & Fitness,Budget,39.4,26.2,1949.47,38,566,3.2,90.2,335
PID001126,Beauty & Personal Care,Premium,37.78,12.2,3022.19,32.09,76,4.3,94.5,323
PID001127,Sports & Fitness,Mid-range,90.24,8.1,8385.54,19.19,358,3.9,90.7,501
PID001128,Toys & Games,Budget,22.42,23.5,6202.02,106.79,526,3.6,,521
PID001129,Grocery,Budget,12.08,11.8,4875.07,40.8,516,3.5,75.4,355
PID001130,Furniture,Mid-range,458.31,31.4,4614.38,300.71,301,4,65.1,402
PID001131,Toys & Games,Mid-range,44.66,,6692.36,16.6,232,4.3,75.6,388
PID001132,Electronics,Budget,198.86,19.2,5501.44,41.12,284,3.5,72.9,124
PID001133,Apparel,Budget,10.69,27,1746.82,110.13,295,3.3,80.5,203
PID001134,Grocery,Premium,,24.9,7960.89,41.76,118,4.4,85.1,596
PID001135,Toys & Games,Premium,43.5,3.8,6020.78,73.67,99,3.8,95.6,289
PID001136,Grocery,Mid-range,15.79,15.1,3431.44,113.06,306,4.1,73.6,314
PID001137,Beauty & Personal Care,Premium,39.51,5.9,3796.5,132.8,128,4.4,89,371
PID001138,Apparel,Budget,39.76,19.5,4361.14,32.36,544,3.5,78.4,367
PID001139,Toys & Games,Budget,13.1,13.4,1467.49,16.6,300,3.4,87,107
PID001140,Furniture,Budget,136.57,5.5,5244.33,212.92,309,3.8,77.4,362
PID001141,Grocery,Mid-range,18.22,19.1,2349.57,98.12,168,3.7,74.5,178
PID001142,Electronics,Budget,148.8,36.2,1370.39,,398,3.3,64.2,608
PID001143,Grocery,Budget,9.74,17.4,4403.09,15.02,307,3.6,65.5,230
PID001144,Electronics,Budget,178,31,2448.72,41.12,579,2.9,100,409
PID001145,ELECTRONICS,Mid-range,255.8,0.8,1675.95,83.59,272,3.5,100,5
PID001146,Furniture,Premium,530.79,8.7,6139.3,202.93,66,4,78.2,5
PID001147,Furniture,Budget,303.47,24,2300.4,90.55,597,3.8,100,491
PID001148,Beauty & Personal Care,Budget,7.45,4.6,1010.26,16.15,241,3.1,83.5,5
PID001149,Toys & Games,Budget,6.75,7.9,3272.46,16.6,593,3.3,67,167
PID001150,Electronics,Premium,495.58,6.2,6049.01,109.69,109,4.3,99.5,90
PID001151,Sports & Fitness,Mid-range,38.45,17.9,4653.46,19.19,294,3.9,91.1,373
PID001152,Toys & Games,Premium,76.43,5.4,9562.15,60.99,129,3.9,83.6,301
PID001153,Electronics,Premium,228.91,1.7,4816.4,306.81,165,4.8,81.9,486
PID001154,Electronics,Mid-range,248.46,8.6,3686.18,275.82,233,4.2,89.8,425
PID001155,Beauty & Personal Care,Mid-range,34.55,28.8,6245.8,64.29,275,3.8,85.9,559
PID001156,Grocery,Budget,15.67,17.8,3522.89,123.19,422,3.7,79.2,315
PID001157,Furniture,Budget,206.96,17.5,3648.81,363.45,571,3.8,72.5,598
PID001158,Toys & Games,Premium,48,8.1,6123.59,96.86,164,4.8,70.6,322
PID001159,Toys & Games,Budget,29.94,8.3,2794.53,83.05,361,3.8,88.2,205
PID001160,Toys & Games,Mid-range,36.43,22.2,3486.84,16.6,333,4.1,84.4,340
PID001161,Grocery,Budget,9.33,18.1,2896.29,54.73,221,3.3,81,129
PID001162,Sports & Fitness,Premium,69.14,9.9,6100.47,101.02,100,4.8,71.1,408
PID001163,Apparel,Budget,38.97,11.1,2431.4,122.7,258,3.8,82.9,172
PID001164,Furniture,Mid-range,254.42,4.9,3177.99,49,,3.9,82.1,5
PID001165,Apparel,Budget,33.15,9.7,1599.38,69.18,412,3.4,89.5,173
PID001166,Apparel,Mid-range,49.88,24.9,2879.43,105.65,,3,95.4,278
PID001167,Furniture,Mid-range,389.15,14.1,5267.08,469.33,351,4.5,76.2,725
PID001168,grocery,Budget,13.68,33.5,3270.63,17.25,435,3,85.2,332
PID001169,Electronics,Budget,122.41,,5208.8,77.3,593,3.4,84.9,427
PID001170,Toys & Games,Mid-range,11.66,11.1,8265.49,99.31,230,4,88.8,422
PID001171,Toys & Games,Mid-range,42.86,8.8,2411.28,108.81,293,3.7,85.8,209
PID001172,Sports & Fitness,Mid-range,56.8,7.3,4986.31,85.62,276,3.9,100,384
PID001173,Apparel,Budget,18.21,41,1890.04,50.8,422,3,100,391
PID001174,Beauty & Personal Care,Budget,8.37,28.8,2059.44,29.48,509,2.8,86.9,400
PID001175,,Budget,53.74,21.9,2376.31,125.4,584,3.5,75.9,402
PID001176,Furniture,Budget,124.22,23.5,1317.58,128.65,260,3.5,86.1,181
PID001177,Grocery,Budget,10.35,39.7,1951.93,79.92,370,3.8,95,466
PID001178,,Premium,76.5,12,3491.57,156.59,160,4.3,62.1,309
PID001179,Grocery,Mid-range,21.17,20.2,5496.41,35.71,247,3.5,80.7,291
PID001180,Beauty & Personal Care,Mid-range,39.95,23.3,2160.11,54.13,246,4.4,87.4,466
PID001181,Electronics,Mid-range,180.52,9.8,1300.11,262.41,351,4.2,81.4,349
PID001182,Home & Kitchen,,76.78,,5817.59,135.73,338,4,98.3,623
PID001183,Furniture,Mid-range,269.08,20,6595.62,49,187,3.8,79.1,136
PID001184,Sports & Fitness,Mid-range,45.58,9.8,3094.28,28.78,150,4.2,84.9,208
PID001185,Electronics,Mid-range,279.03,23.6,5869.97,41.12,249,4.7,87.9,458
PID001186,Grocery,Budget,8.54,31,4365.73,150.29,230,3.6,89.3,474
PID001187,Grocery,Budget,12.24,23,5394.9,75.9,446,3.6,73.9,444
PID001188,Grocery,Mid-range,14.12,9.2,1215.69,32.09,377,4.6,89.4,344
PID001189,Apparel,Budget,34.37,16.5,225.5,176.34,526,3.5,82.7,315
PID001190,,Premium,71.4,10.9,4912.71,39.86,210,4.2,89.7,304
PID001191,Toys & Games,Mid-range,29.83,6.9,2894.14,23.98,293,3,69.2,5
PID001192,Furniture,Mid-range,437.99,10.5,8785.85,342.41,358,3.8,80.1,475
PID001193,Furniture,Budget,112.15,10.7,2604.18,49,322,3.8,93.2,199
PID001194,Beauty & Personal Care,Budget,9.99,17,2470.97,75.5,507,3.1,82.2,235
PID001195,Toys & Games,Mid-range,12.51,24.5,6042.56,58.26,259,4.3,89.9,419
PID001196,Electronics,Premium,533.74,16.8,6183.42,190.85,69,4.2,96.1,228
PID001197,Toys & Games,Premium,24.99,8.1,2779.42,89.53,216,,78.4,183
PID001198,Apparel,Mid-range,61.93,19.1,2460.63,167.75,354,3.7,92.4,507
PID001199,Electronics,Budget,198.28,4.9,4108.41,175.14,333,3.3,85.3,198
PID001200,Furniture,Premium,400.48,2.6,10186.6,413.83,61,3.2,74.1,202
PID001201,Furniture,Budget,205.75,29.8,4227.46,248.96,220,3.5,93.9,480
PID001202,Apparel,Budget,33.16,47.7,3113.61,88.52,460,3.5,100,645
PID001203,Apparel,Mid-range,46.69,23.4,3512.51,168.68,229,4.4,74.5,396
PID001204,Beauty & Personal Care,Premium,71.15,10.9,5533.22,81.11,186,4.1,86.9,471
PID001205,Sports & Fitness,Budget,32.61,25.6,1150.47,43.68,316,3.5,84.6,167
PID001206,Electronics,Budget,148.89,4.8,4651.66,235.64,528,4,80.4,554
PID001207,Beauty & Personal Care,Premium,60.22,5.6,25832.82736,79.21,87,4.8,89.1,494
PID001208,Toys & Games,Mid-range,17.22,16.6,6001.55,83.61,324,4.7,91.2,544
PID001209,Grocery,Mid-range,27.19,15.5,5296.2,64.38,141,4,97.4,348
PID001210,Electronics,Mid-range,251.75,16.4,5452.44,258.62,188,6.5,92.5,392
PID001211,Electronics,Mid-range,233.3,24.3,2308.93,41.12,361,4.2,90.3,394
PID001212,Electronics,Mid-range,292.91,7.9,6996.91,116.58,167,3.1,83.1,59
PID001213,Toys & Games,Mid-range,27.12,23.7,2577.66,68.09,310,3.3,,103
PID001214,,Budget,26.1,22.4,3668.53,25.91,443,3.7,74.7,290
PID001215,Electronics,Premium,320.82,14.1,7147.87,197.09,126,3.8,83.6,296
PID001216,Home & Kitchen,Mid-range,111.99,4.8,3391.81,20.31,352,4.7,85.7,363
PID001217,Electronics,Mid-range,202.69,4.3,4359.26,155.55,181,4.6,76.3,233
PID001218,Electronics,Budget,183.83,16.7,3548.82,172.95,414,2.5,67,41
PID001219,Beauty & Personal Care,Premium,17.16,22,3237.98,128.44,86,4.4,85.3,413
PID001220,Apparel,Mid-range,39.9,8.9,6644.27,63.34,307,4.3,94.6,559
PID001221,Home & Kitchen,Mid-range,73.68,21.5,4911.23,20.31,258,,88.4,264
PID001222,Home & Kitchen,Budget,28.32,16.3,2800.82,26.21,431,3.3,96.5,253
PID001223,Beauty & Personal Care,Budget,16.87,44.7,2598.43,46.77,392,3.6,77.6,555
PID001224,Apparel,Mid-range,29.85,16.7,4995.67,18.06,147,3.8,84.4,196
PID001225,Grocery,Budget,17.71,20.2,4960.84,15.02,368,3.8,58.2,256
PID001226,Beauty & Personal Care,Mid-range,53.45,6.1,6485.35,40.82,300,4,69,293
PID001227,Sports & Fitness,Budget,61.89,23.5,2865.8,134.85,391,2.6,75,223
PID001228,Apparel,Premium,89.23,4,2901.94,119.41,156,4.3,83.6,246
PID001229,Toys & Games,Budget,25.93,10.1,1409.68,68.02,408,3.1,89.1,154
PID001230,Sports & Fitness,Mid-range,46.19,7.5,4440.75,68.32,191,3.8,63.8,61
PID001231,Apparel,Premium,55.94,,7457.38,136.56,110,3.6,81.4,381
PID001232,Grocery,Budget,14.68,50.4,3617.47,88.81,381,2.9,82,413
PID001233,Toys & Games,Premium,74.67,8,5810.95,90.16,217,3.9,78,285
PID001234,Electronics,Mid-range,271.5,20.2,4408.91,205.14,363,4,100,577
PID001235,Furniture,Mid-range,214.71,4.7,4051.53,100.55,302,4.1,92.6,272
PID001236,Toys & Games,Mid-range,30.36,10.6,6389.39,49.14,168,3.3,72.7,153
PID001237,Grocery,Budget,9.58,25.5,4419.77,55.64,439,3.4,92.9,468
PID001238,Sports & Fitness,Budget,53.98,11.3,351.59,41.48,328,3.9,81.8,163
PID001239,Grocery,Budget,15.31,45.2,2013.76,48.99,579,3,76.6,370
PID001240,Grocery,Budget,6.27,21.6,5965.96,81.3,560,3.6,89.2,642
PID001241,Furniture,Mid-range,274.15,18.4,3712.85,306.45,292,4.3,77.9,390
PID001242,Toys & Games,Budget,24.36,24.4,2418.12,22.18,456,3.3,88.7,184
PID001243,Furniture,Mid-range,319.33,17.4,3797.19,214.52,199,4.1,84,317
PID001244,Electronics,Mid-range,247.68,11.5,4645.04,41.12,314,3.8,82.5,241
PID001245,Electronics,Premium,495.49,9.3,6942.59,41.12,119,4,80.8,9
PID001246,,Mid-range,106.66,19.3,1967.52,83.57,345,3.9,92.2,282
PID001247,Beauty & Personal Care,Premium,42.39,15.1,5986.92,30.4,163,4.6,95.1,636
PID001248,Grocery,Budget,10.86,17.8,3047.89,78.37,590,4.3,100,551
PID001249,Home & Kitchen,Mid-range,78.43,,4625,33.95,202,4,76.2,301
PID001250,Beauty & Personal Care,Budget,8.64,2.4,1693.44,84.71,251,3.3,85,75
PID001251,Electronics,Mid-range,203.65,29.2,3440.33,41.12,250,4.3,79.2,231
PID001252,Electronics,Mid-range,207.13,15.7,5073.56,153.53,137,4.4,87,323
PID001253,Electronics,Mid-range,197.97,4.7,2320.86,165.56,309,3.8,89.1,296
PID001254,Furniture,Mid-range,249.66,10.2,2606.99,304.24,169,3.2,93.2,132
PID001255,,Budget,11.54,30,,19.29,429,4.1,,345
PID001256,Electronics,Mid-range,274.95,13.6,4125.07,41.12,201,3.8,92.4,177
PID001257,Beauty & Personal Care,Mid-range,46.2,10.9,6708.44,64.08,145,3.3,70.1,227
PID001258,Grocery,Budget,11.4,14.2,4115.12,29.2,265,4.4,,343
PID001259,Furniture,Budget,223.73,27.8,5330.99,187.61,273,3.7,82.4,407
PID001260,Grocery,Mid-range,16.74,7,,33.65,346,3.5,,439
PID001261,Toys & Games,Premium,31.9,10.8,5118.55,33.71,216,4.2,91.9,382
PID001262,Apparel,Premium,46.31,7.7,,120.27,61,4.8,65.5,450
PID001263,Toys & Games,Mid-range,18.86,8.9,3553.04,82.25,315,3.4,82.5,248
PID001264,Furniture,Mid-range,297.25,9.5,4460.59,385.85,282,3.9,99.3,525
PID001265,Home & Kitchen,Premium,109.34,4.8,2925.93,39.36,107,4.3,77.5,40
PID001266,Furniture,Premium,509.57,6.3,7899.58,215.24,90,4.1,72.8,194
PID001267,Electronics,Budget,263.28,10.6,2304.96,132,523,3.1,77.5,114
PID001268,Grocery,Budget,12.81,22.6,4362.93,38.6,528,3.5,93,438
PID001269,,Mid-range,25.04,10.4,2924.47,16.15,201,3.3,92.1,90
PID001270,Furniture,Premium,665.86,5.2,,154.53,126,4.6,85.6,140
PID001271,Toys & Games,Budget,9.74,10.5,3121.85,75.77,341,3.3,94.6,201
PID001272,Furniture,Premium,694.31,5.8,3573.72,60.24,110,3.9,85.6,5
PID001273,Electronics,Premium,466.34,,9231.39,59.21,202,5,77.4,427
PID001274,Furniture,Mid-range,261.56,7.8,1013.19,73.28,260,3.7,82.5,5
PID001275,Toys & Games,,44.63,3.1,3138.31,25.06,141,4.7,67.9,103
PID001276,Toys & Games,Mid-range,20.15,7.7,4571.83,43.17,370,4,92,407
PID001277,Home & Kitchen,Budget,52.99,19.6,4897.63,20.31,253,3.1,83.8,152
PID001278,Home & Kitchen,Budget,26.05,29.5,1310.84,144.53,416,3.4,93.7,442
PID001279,Apparel,Mid-range,45.79,8.2,6242.49,104.58,193,3.7,86.4,261
PID001280,,Mid-range,15.97,6.8,3460.12,128.95,253,3.5,90.6,239
PID001281,Beauty & Personal Care,Premium,41.09,13.3,5718.76,89.16,75,4.3,84,359
PID001282,Toys & Games,Mid-range,32.83,9,1261.64,113.96,198,4.5,85.3,132
PID001283,Electronics,Premium,606.74,3.5,7364.31,92.36,67,4.3,74.8,5
PID001284,Beauty & Personal Care,Mid-range,34.87,6.3,3751.57,16.15,166,3.8,65.5,117
PID001285,Apparel,Mid-range,49.07,27,3517.03,57.9,253,4.7,85.8,495
PID001286,Electronics,Mid-range,,18,7455.86,428.57,152,4,100,742
PID001287,Beauty & Personal Care,Mid-range,27.3,10.1,5043.47,45.69,192,4.3,85.9,399
PID001288,Toys & Games,Mid-range,18.55,16.7,7989.19,41.51,213,4,98,484
PID001289,,Mid-range,462.4,21.7,6622.3,163.26,222,3.9,86.3,361
PID001290,Grocery,Premium,26,8.4,3910.21,30.35,94,4.1,90.9,246
PID001291,Toys & Games,Budget,21.3,13.1,3308.5,137.5,384,3.7,64.8,241
PID001292,Sports & Fitness,Budget,35.31,32.2,1983.86,64.66,399,3.6,100,425
PID001293,Home & Kitchen,Premium,169.68,6.4,5675.56,97.51,142,4.5,92.8,410
PID001294,Sports & Fitness,Budget,37.54,15.3,,125.16,457,3.2,89.4,554
PID001295,Grocery,Budget,17.17,15.9,2821.29,41.81,236,3.9,74,162
PID001296,Home & Kitchen,Mid-range,42.85,9.4,2639.68,42.2,323,4.2,76.9,200
PID001297,Home & Kitchen,Budget,20.99,38.2,3260.16,131.66,258,4.5,84.2,672
PID001298,Furniture,Budget,,33.6,1544.04,459.74,328,3.4,86.9,617
PID001299,Apparel,Mid-range,60.51,26.4,5977.95,18.06,208,4.1,100,472
PID001300,Grocery,Mid-range,7.57,6.2,9044.99,76.58,215,3.9,76.7,389
PID001301,,Mid-range,36.64,22.9,3010.81,127.07,324,4.1,,583
PID001302,Electronics,Premium,398.21,2.2,6032.96,41.12,125,4.8,87.5,132
PID001303,Beauty & Personal Care,Budget,8.92,30.8,4317.83,76.14,376,3.5,86.6,521
PID001304,Apparel,Mid-range,29.29,9.4,2410.25,146.33,200,4.4,80.9,306
PID001305,Furniture,Premium,475.49,10.8,6925.83,405.06,101,4.3,74.5,356
PID001306,Apparel,Premium,68.65,9.1,7507.95,18.06,118,,68.1,128
PID001307,Furniture,budget,333.17,20.5,2333.51,214.89,553,4,72.5,373
PID001308,Home & Kitchen,Budget,77.52,22.3,4096.13,53.15,468,4.2,76.8,474
PID001309,Grocery,Budget,10.17,53.4,1830.53,30.39,,3.3,77.7,359
PID001310,Electronics,Premium,186.35,7.3,5086.2,,124,4,89.1,432
PID001311,Furniture,Premium,496.1,9.2,5779.42,49,135,4.1,100,149
PID001312,Apparel,Mid-range,52.26,13.8,5882.36,155.31,225,3.4,83.2,222
PID001313,Electronics,Mid-range,,26.8,,112,242,3.6,85.6,210
PID001314,Sports & Fitness,Mid-range,58.52,29.7,150,168.34,148,4,78.6,204
PID001315,Beauty & Personal Care,Premium,42.71,10,7812.68,69.29,113,4.3,71.3,346
PID001316,Electronics,Premium,413.93,2.4,1776.26,411.21,126,4,82.6,183
PID001317,Electronics,Mid-range,322.34,24.6,1248.42,42.72,379,4.5,84.1,228
PID001318,Apparel,Mid-range,,8.1,9653.31,67.18,134,3.3,62.8,247
PID001319,Sports & Fitness,Premium,87.9,11.9,3582.47,73.76,71,5,81,314
PID001320,Apparel,Budget,19.1,21.5,4810.68,135.14,511,2.2,100,466
PID001321,Home & Kitchen,Budget,24.92,7.3,3362.15,119.57,351,4,97.7,514
PID001322,Beauty & Personal Care,Budget,20.71,18.8,4210.96,36.3,380,3.8,100,431
PID001323,Electronics,Budget,139.59,32.3,2170.07,224.12,538,3.1,90.5,593
PID001324,Grocery,Mid-range,19.86,18.9,6118.91,113.48,364,4,99.7,663
PID001325,Sports & Fitness,Premium,74.01,7.2,3442.01,98.36,149,3.9,82.9,151
PID001326,Grocery,Mid-range,15.27,5.2,2949.44,63.6,227,3.5,81.6,121
PID001327,Apparel,Mid-range,39.64,6.7,3174.5,115.13,135,4.2,80.5,267
PID001328,Beauty & Personal Care,Budget,26.19,32.6,4466.57,41.05,256,2.9,92.3,303
PID001329,Sports & Fitness,Mid-range,63.01,18.2,,19.19,132,3.5,73,49
PID001330,Apparel,Mid-range,37.44,24,3307.57,132.04,224,3.8,76.9,251
PID001331,Sports & Fitness,Mid-range,41.05,34,2400.2,101.59,165,4.3,71.5,312
PID001332,Grocery,Budget,10.85,14.6,4031.17,57.59,268,4,79.2,364
PID001333,Home & Kitchen,Mid-range,98.41,16.5,4502.28,30.15,217,3.7,81.1,185
PID001334,Electronics,Mid-range,236.91,23.9,4672.69,176.28,342,3.2,86,344
PID001335,Toys & Games,Premium,44.81,6.1,3492.44,18.07,218,3.3,89.6,67
PID001336,Sports & Fitness,Mid-range,40.34,13.9,6701.26,52.49,151,4.8,96.7,528
PID001337,Home & Kitchen,Budget,39.99,3.7,1889.74,39.34,244,3.5,91.9,45
PID001338,Electronics,Mid-range,237.67,10.9,4542.56,84.6,316,3.9,77.6,221
PID001339,Sports & Fitness,Premium,36.76,2.8,8802.75,141.14,152,4.6,84.9,572
PID001340,Apparel,Mid-range,14.6,21.8,150,142.31,258,2.9,71,5
PID001341,Beauty & Personal Care,Premium,42.5,10.5,,32.75,220,4.1,94.7,357
PID001342,grocery,Premium,40.36,15.5,4113.29,104.12,213,4.1,88.8,363
PID001343,Apparel,Premium,39.16,12.4,5832.65,64.96,199,4.1,,265
PID001344,Electronics,Mid-range,246.05,13.8,1366.63,130.85,134,3.8,95.4,148
PID001345,Furniture,Budget,288.98,,1577.33,134.07,223,3.1,100,73
PID001346,Electronics,Premium,349.52,6.1,9024.71,41.12,134,3.2,100,186
PID001347,Home & Kitchen,Mid-range,58.46,3.8,2193.17,20.31,291,3.8,80.8,81
PID001348,TOYS & GAMES,Premium,32.42,13.6,2481.94,81.01,62,4.8,89.9,299
PID001349,Home & Kitchen,Premium,96.47,9.7,4046.92,181.73,187,4.2,82.3,313
PID001350,Grocery,,14.83,3.6,3603.14,15.02,215,4.6,94.6,336
PID001351,Apparel,Mid-range,37.06,18.6,3866.56,195.28,378,4.7,77.9,576
PID001352,Grocery,Premium,16.83,21.4,5951.97,33.61,139,4.4,,307
PID001353,Furniture,Mid-range,218.14,23.1,5287.77,453.56,161,3.9,82.6,625
PID001354,Apparel,Mid-range,20.49,17.8,4879.05,53.51,354,4,95.5,486
PID001355,Beauty & Personal Care,Premium,,5.7,6201.73,47.14,100,4.6,80.1,355
PID001356,Electronics,Premium,246.57,10.1,6984.46,317.91,191,4.6,75.4,668
PID001357,Home & Kitchen,Budget,64.55,6.2,3494.31,91.1,226,4,76.8,222
PID001358,Grocery,Mid-range,20.46,4.5,5176.66,116.85,176,3.4,96.2,257
PID001359,Electronics,Premium,351.27,15.1,4757.16,41.12,200,4.1,84.8,94
PID001360,Grocery,Premium,,17,8516.96,60.9,208,4.3,92.6,571
PID001361,Beauty & Personal Care,Mid-range,21.25,1.3,3084.56,52.6,323,3.6,83.8,164
PID001362,Furniture,Budget,262.24,19.4,1605.79,203.16,567,3.4,72.7,224
PID001363,Home & Kitchen,Budget,26.98,17.8,2631.52,114.86,488,3.2,86.5,329
PID001364,Beauty & Personal Care,Premium,55.75,11.2,4608.12,98.75,164,4.6,66.9,359
PID001365,Apparel,Budget,44.95,11.6,2184.27,55.95,492,2.6,93.7,121
PID001366,Beauty & Personal Care,Mid-range,9.18,15.9,2857.4,98.51,246,3.9,75.3,301
PID001367,Apparel,Budget,35.11,12.1,5855.2,106.31,297,3.6,75.6,295
PID001368,Home & Kitchen,Mid-range,97.86,23.8,4166.22,113.53,264,4,96.1,467
PID001369,Furniture,Premium,552.15,7.4,6889.94,308.88,214,4.7,88.3,415
PID001370,Furniture,Mid-range,247.9,14.1,,185.79,361,3.7,87.1,188
PID001371,Sports & Fitness,,89.77,10.3,7474.55,101.81,212,3.2,92.8,318
PID001372,Toys & Games,Mid-range,30.48,11.5,4294.83,104.27,322,3.5,85.4,287
PID001373,Electronics,Mid-range,170.79,7,4606.04,169.62,262,3.6,75.6,183
PID001374,Beauty & Personal Care,Mid-range,10.59,20.6,3539.86,72.44,191,3.1,83.8,186
PID001375,Apparel,Budget,47.38,23.1,4619.1,161.16,233,3.3,86.1,391
PID001376,Apparel,Midrange,38.91,23.2,6114.36,31.08,233,,97.3,453
PID001377,Home & Kitchen,Mid-range,94.35,28.1,3205.87,62.91,330,3.4,96.7,394
PID001378,Apparel,Budget,37.25,18.3,3575.24,53.24,262,4.1,84.7,373
PID001379,Home & Kitchen,Mid-range,52.64,24.8,5532.67,117.06,213,3.7,73.2,350
PID001380,Home & Kitchen,Premium,111.36,8.4,7653.19,146.46,155,4.2,85.7,425
PID001381,Toys & Games,Budget,43.36,20.4,1719.39,84.4,298,2.7,84.2,5
PID001382,Apparel,Mid-range,41.79,13.7,7674.06,18.06,179,4,100,444
PID001383,Toys & Games,Mid-range,36.42,11.7,2758.73,88.53,144,3.4,89.4,96
PID001384,Apparel,Budget,30.84,35.1,4143.06,,456,3.8,81,491
PID001385,Electronics,Mid-range,284.16,8.7,4784.69,350.93,241,3.7,89.8,403
PID001386,Apparel,Premium,38.85,2.2,5858.92,18.06,206,4.8,74.7,396
PID001387,Beauty & Personal Care,Mid-range,31.01,16.4,4661.29,75.69,369,3.3,59,200
PID001388,Sports & Fitness,Premium,89.72,6.7,5516.47,130.29,96,4.4,74,259
PID001389,Home & Kitchen,Premium,177.54,8.9,10295.74,153.54,,3.7,78.3,365
PID001390,Grocery,Budget,8.04,10.8,4847.62,15.02,426,3.3,86.9,273
PID001391,Sports & Fitness,Mid-range,50.37,19.4,3743.74,141.36,283,,91.1,392
PID001392,Electronics,Budget,174.73,41.3,3436.62,146.98,276,4,88.3,461
PID001393,Sports & Fitness,Budget,,31.9,1429.48,112.71,391,4,79.1,317
PID001394,Apparel,Budget,35.9,20.9,4715.26,33.74,295,3.9,68.6,259
PID001395,Sports & Fitness,Premium,83.84,4.1,6199.48,43.99,162,,86.9,244
PID001396,Apparel,Budget,29.49,18.4,3769.86,27.97,591,4.2,73.2,545
PID001397,Toys & Games,Mid-range,27.32,24,2639.14,122.57,233,4.5,85.1,388
PID001398,Toys & Games,Budget,29.04,9.6,,80.17,372,3.5,87.4,268
PID001399,Apparel,Budget,17.69,,2004.58,164.75,235,3.6,75.1,256
PID001400,Home & Kitchen,Mid-range,100.68,21.4,2881.57,33.15,235,3.8,100,339
PID001401,Apparel,Mid-range,31.13,8.8,2542.39,88.2,184,3.5,89.5,141
PID001402,Beauty & Personal Care,Budget,13.63,23.3,2671.91,55.24,389,3.4,93.3,532
PID001403,Apparel,Premium,28.18,15.6,6050.14,30.52,218,4,,394
PID001404,Grocery,Budget,,21.4,3345.71,50.39,280,3.3,73.7,177
PID001405,Home & Kitchen,Mid-range,75.72,2.9,7326.74,,340,4.2,71.8,420
PID001406,Electronics,Premium,363.95,15.7,150,223.18,219,3.9,89.3,126
PID001407,Furniture,Premium,603.61,6.3,975.36,332.19,196,4.3,86,67
PID001408,Home & Kitchen,Budget,,29,3300.64,139.02,416,3.4,86.5,463
PID001409,Grocery,Mid-range,16.47,20.5,3118.75,59.38,179,3.6,88.8,230
PID001410,Grocery,Budget,16.82,10.3,2669.02,15.02,384,4.1,98.2,331
PID001411,Beauty & Personal Care,Mid-range,33.17,,1855.85,74.31,272,3.7,72.4,107
PID001412,,Mid-range,,30.2,6945.21,162.25,281,4,77,486
PID001413,Grocery,Budget,9.06,28.7,1714.6,87.04,443,3.4,96.8,420
PID001414,Electronics,Mid-range,229.55,15.1,4306,131.37,328,3.7,100,403
PID001415,Sports & Fitness,Budget,36.16,19.1,1179.59,48.74,509,3.4,84.1,184
PID001416,Apparel,Premium,106.18,4.4,7560.17,132.83,199,3.4,84.7,255
PID001417,,,13.31,156,4726,82.2,501,3.7,80.8,413
PID001418,Home & Kitchen,Budget,57.27,24.9,1690.23,202.23,411,3.9,78.2,344
PID001419,Furniture,Mid-range,418.53,25.1,1070.05,233.56,197,4.2,97,202
PID001420,Home & Kitchen,Premium,140.01,5.3,3893.77,74.13,77,3.8,66.6,5
PID001421,Grocery,Mid-range,13.13,15.6,7895.47,26.56,356,3.7,90.2,558
PID001422,Home & Kitchen,Mid-range,46.58,5.7,5937.26,106.46,229,4,70.4,328
PID001423,Home & Kitchen,Budget,27.6,36.7,756.58,99.17,235,3.5,100,365
PID001424,Grocery,Budget,11.97,3.5,6942.72,59.97,380,3.1,94.2,396
PID001425,Grocery,Budget,7.62,50.8,2595.85,32.88,341,3,82.9,366
PID001426,Grocery,Mid-range,16.58,15.6,1967.09,15.02,199,4.5,90.8,214
PID001427,Sports & Fitness,Mid-range,38.81,19.8,3007.85,166.53,178,3.7,84.3,359
PID001428,Apparel,Premium,34.68,9.2,885.95,18.06,216,4.4,79.8,72
PID001429,Toys & Games,Mid-range,15.46,18.6,,58.17,233,,99.1,396
PID001430,Apparel,Mid-range,26.21,6,2700.45,111.55,180,4.3,88,272
PID001431,Toys & Games,Budget,26.92,25.4,2983.28,56.52,564,3.5,88.3,424
PID001432,Home & Kitchen,Mid-range,56.75,13.9,2911.5,78.76,319,4.3,92,342
PID001433,Toys & Games,Mid-range,29.42,4.5,3801.75,117.21,241,3.6,74.4,142
PID001434,Grocery,Budget,12.55,17.8,2076.41,40.56,,3.2,95.4,162
PID001435,,Mid-range,12.59,7.6,2421.14,68.81,277,3.7,84.4,160
PID001436,Toys & Games,Premium,70.07,5.8,,93.35,119,5,84.6,478
PID001437,Beauty & Personal Care,Mid-range,18.58,1.4,5025.96,29.54,204,4,83.6,265
PID001438,Apparel,Mid-range,55.87,16.4,3595.89,86.94,192,3.6,70.4,135
PID001439,Beauty & Personal Care,Budget,17.94,29.8,3816.6,17.94,536,3.7,90.6,656
PID001440,Electronics,Budget,121.63,21.9,938.95,105.11,347,3.7,66.7,71
PID001441,Apparel,Mid-range,33.11,10.6,5433.9,51.9,200,4.5,93.6,421
PID001442,Grocery,Premium,20.2,11.9,3689.2,57.2,141,4.1,95.5,296
PID001443,Apparel,Mid-range,65.37,12.2,3036.84,25.19,363,3.7,83.5,237
PID001444,Apparel,Mid-range,49.3,15.2,3045.92,65.64,264,3.2,88.4,170
PID001445,Toys & Games,Budget,17.09,26,,75.63,423,3.9,87.4,476
PID001446,Toys & Games,Mid-range,25.43,9.5,3368.47,85.61,235,3.5,81.8,177
PID001447,Sports & Fitness,Budget,23.43,,6790.25,70.55,388,3.3,83.3,347
PID001448,Sports & Fitness,Budget,26.44,15.2,4976.95,108.74,363,3.6,98.3,487
PID001449,Electronics,Premium,447.43,7.3,2266.37,363.89,179,3.8,57.2,5
PID001450,Electronics,Budget,227.17,48.2,4586.43,256.04,479,3.8,86.2,742
PID001451,Electronics,Budget,168.8,15.3,1521.05,222.65,517,3.1,84.1,283
PID001452,Sports & Fitness,Budget,36.23,15.3,3271.71,31.4,271,3.2,77.8,159
PID001453,Apparel,Mid-range,62.57,12.4,1525.98,40.74,373,3.8,63.7,55
PID001454,Grocery,Mid-range,15.36,7.5,4621.72,118.36,205,3.8,82.2,338
PID001455,Grocery,Budget,8.09,33.6,1439.58,19.85,288,4,91.2,300
PID001456,,Budget,11.55,23,1830.21,51.66,487,3.8,82,344
PID001457,Beauty & Personal Care,Premium,14.31,5.2,2804.54,33.74,81,4.2,84.4,170
PID001458,Toys & Games,Budget,18.53,35.9,2061.18,69.24,512,3.9,80.3,433
PID001459,Electronics,Premium,514.75,9.3,2504.13,41.12,91,3.9,100,5
PID001460,Beauty & Personal Care,Premium,26.99,11.1,9154.19,29.31,213,3.9,77.6,560
PID001461,Beauty & Personal Care,Premium,68.49,4.7,8622.53,59.53,124,4.6,92.4,578
PID001462,Toys & Games,Mid-range,39.86,26.2,6532.76,125.05,280,4,78.6,479
PID001463,Electronics,Premium,528.13,18.8,,167.19,172,4.3,70.4,106
PID001464,Furniture,Budget,314.87,9.1,4001.95,,244,2.9,78.9,5
PID001465,Electronics,Mid-range,234.1,1.5,3238.48,118.56,283,3.8,100,169
PID001466,Home & Kitchen,Budget,37.44,14.6,3220.07,81.3,552,4,71.8,377
PID001467,Electronics,,264.33,9.7,1437.68,311.44,345,4.3,75,339
PID001468,,Budget,10.24,19.8,4920.21,15.02,396,3.2,78.7,299
PID001469,Electronics,Budget,238.54,15.4,2831.44,108.5,319,4.2,88.9,161
PID001470,Beauty & Personal Care,Mid-range,30.36,13.8,7430.08,115.41,363,4,74.8,554
PID001471,Home & Kitchen,Mid-range,49.99,38.8,692.97,20.31,222,4.3,78.5,317
PID001472,Apparel,Budget,49.72,43.9,6434.06,18.06,342,2.4,75.5,299
PID001473,Electronics,Mid-range,204.42,3.7,2263.56,176.12,293,4,93,254
PID001474,Electronics,Mid-range,122.73,10,2762.72,248.08,335,3.9,82.8,431
PID001475,Toys & Games,Premium,38.06,2.5,6973.45,25.57,141,4.3,99.6,314
PID001476,Apparel,Mid-range,27.6,23.9,260.06,88.03,149,4.7,95.1,369
PID001477,Toys & Games,Mid-range,23.54,15.1,1576.45,103.87,350,3.9,90.3,262
PID001478,Toys & Games,Premium,49.63,11.7,2703.86,46.04,128,4,83.7,66
PID001479,Furniture,Mid-range,198.89,36.1,3846.96,49,345,4.2,75.9,420
PID001480,Toys & Games,Budget,29.78,40.2,3476.22,59.1,268,3.1,92.6,281
PID001481,Beauty & Personal Care,Budget,18.75,20.9,1733.52,29.13,403,4.1,85.7,437
PID001482,Toys & Games,Mid-range,38.61,23.2,3231.99,65.08,262,4,88.6,368
PID001483,Grocery,Budget,11.45,4.9,4207.62,70.81,220,3.2,93.4,187
PID001484,Grocery,Budget,17.44,37,150,80.91,310,3.6,94.2,314
PID001485,Electronics,Budget,225.43,34.4,5982.37,54.32,320,2.4,100,209
PID001486,Sports & Fitness,Mid-range,36.51,15,4118.08,106.81,207,3.4,85.9,245
PID001487,Grocery,Mid-range,15.27,37.3,3775.25,15.02,225,3.8,83.7,397
PID001488,Grocery,Budget,9.67,11.9,2931.85,51.22,287,3.7,96.7,257
PID001489,Home & Kitchen,Mid-range,20.33,31.2,1849.61,113.09,350,4.3,78.8,495
PID001490,Electronics,Premium,510.51,3.9,7737.44,116.9,88,3.9,96.5,156
PID001491,Toys & Games,Mid-range,46.69,5.9,4715.4,92.76,135,3.5,88.4,147
PID001492,Apparel,Premium,83.94,9.9,3730.99,148.72,121,4.1,100,441
PID001493,Home & Kitchen,Premium,115.49,9.2,2132.97,129.07,211,4.7,78.8,326
PID001494,Beauty & Personal Care,Mid-range,47.3,17.2,1693.71,16.15,129,4.2,83.5,158
PID001495,Furniture,Mid-range,191.1,16.1,4537.39,49,143,4,76.9,56
PID001496,Furniture,Mid-range,341.37,5.1,5486.3,546.25,162,4.8,81,701
PID001497,Grocery,Premium,38.58,16.6,4381.83,84.4,213,4.2,78.5,366
PID001498,Apparel,Premium,53.21,8.3,4884.13,54.58,196,3.9,95.2,334
PID001499,Grocery,Budget,11.64,34.5,2151.73,15.02,466,3.8,88.6,428
PID001500,Grocery,Budget,10.85,13.3,3939.79,63.86,327,3.4,91,296
PID001501,Sports & Fitness,Budget,37.35,5.2,1801.75,25.6,438,,85.5,310
PID001502,Apparel,Premium,49.53,7.8,3162.78,18.06,115,4.4,87.7,188
PID001503,Apparel,Mid-range,14.53,15,4889.44,136.49,255,4.4,89.4,585
PID001504,Home & Kitchen,Mid-range,65.6,11.4,5287.99,170.65,282,3.7,95.4,434
PID001505,Toys & Games,Mid-range,51.44,19,4165.16,136.37,305,4.4,75.4,407
PID001506,Electronics,Premium,367.87,4.3,908.49,41.12,163,4.5,73.5,5
PID001507,Electronics,Premium,389.17,11.8,4361.81,254.95,117,3.9,100,276
PID001508,,Mid-range,90.77,21,4703.56,151.29,176,3.3,81.5,279
PID001509,Home & Kitchen,Mid-range,62.3,1.7,5348.4,108.12,179,3.4,74.8,33
PID001510,Furniture,Premium,392.95,6.7,6797.01,361.02,145,5,94.7,712
PID001511,Apparel,Mid-range,42.58,23.3,6729.85,137.81,350,4.1,89,755
PID001512,Apparel,Budget,28.26,7.1,2446.13,182.88,504,,82.5,484
PID001513,BEAUTY & PERSONAL CARE,Budget,21.48,40,4348.48,16.15,255,4,69,387
PID001514,Sports and Fitness,Mid-range,19.49,19.9,2168.8,61.19,141,4.4,84.4,220
PID001515,Sports & Fitness,Budget,,9.1,3137.3,19.19,290,,83.3,127
PID001516,Home & Kitchen,Mid-range,34.48,13,2222.3,70.92,145,3.4,70.6,5
PID001517,Grocery,Budget,13.69,17.6,5496.39,60.73,514,3.4,78,388
PID001518,Home & Kitchen,Premium,46.42,3.2,1202.21,20.31,122,4.2,89.7,87
PID001519,Sports & Fitness,Mid-range,62.13,16.1,4932.9,86.99,303,4.2,95.4,498
PID001520,Grocery,Budget,4.83,28.9,2435.15,24.41,333,3.4,90,269
PID001521,Home & Kitchen,Mid-range,52.96,10.7,4495.93,90.86,263,3.9,88.2,388
PID001522,Electronics,Budget,175.19,1.3,1503.66,41.12,407,3.4,83.3,5
PID001523,Electronics,Mid-range,235.33,20.1,7758.31,472.43,271,3.7,96.5,891
PID001524,Apparel,Mid-range,57.37,7.2,5651.13,111.56,293,4.3,100,593
PID001525,,Budget,7.77,14.1,1686.57,27.07,309,3.2,93,171
PID001526,,Mid-range,57.72,31.8,4029.87,123.3,199,4.1,100,543
PID001527,Beauty & Personal Care,Mid-range,12.7,5.6,492.85,16.15,368,4.6,94.1,379
PID001528,Home & Kitchen,Premium,124.19,2.3,4312.13,72.58,197,4,85.2,165
PID001529,Toys & Games,Budget,22.71,14,3514.31,118.4,542,4.4,85.3,560
PID001530,Sports & Fitness,Budget,43.32,21,2488.25,102.35,580,3.5,79.2,437
PID001531,Sports & Fitness,Mid-range,84.57,2.4,6446.74,81.8,351,4.4,82,428
PID001532,Toys & Games,Budget,23.08,21.1,4725.52,108.63,523,4,100,572
PID001533,Apparel,Budget,19.79,7.2,150,86.98,518,3.5,71.4,105
PID001534,Grocery,Premium,20.93,6.7,8051.34,15.02,164,4.1,87,348
PID001535,Apparel,Premium,71.24,17,6421.67,113.26,81,3.3,74,224
PID001536,Sports & Fitness,Premium,56.34,,5985.36,86.53,90,3.5,79.9,194
PID001537,Toys & Games,Budget,30.31,7.6,2401.73,58.12,504,3.5,83.7,261
PID001538,Electronics,Mid-range,274.35,27.3,3049.57,210.48,263,4,90.7,483
PID001539,Home & Kitchen,Budget,44.95,17.5,2059.39,150.34,471,3,92.4,308
PID001540,Beauty & Personal Care,Mid-range,36.11,14.7,,55.99,288,3.3,86.3,363
PID001541,Home & Kitchen,Mid-range,42.72,5.1,4017.15,20.31,125,3.4,75.6,5
PID001542,Apparel,Mid-range,34.55,11.4,609.34,82.77,232,4,82.7,132
PID001543,Electronics,Mid-range,188.11,29.1,5756.41,41.12,157,4,80.3,295
PID001544,Electronics,Premium,457.09,1.5,6500.26,214.12,204,4.4,80.7,207
PID001545,Furniture,Mid-range,275.77,5.1,1874.46,192.16,367,3.9,89.9,272
PID001546,Toys & Games,Mid-range,20.12,16.2,1811.01,39.41,252,3.5,100,204
PID001547,APPAREL,Mid-range,57.79,15.2,6318.67,18.06,165,4.1,67.9,159
PID001548,Sports & Fitness,Mid-range,37.7,14.9,7984.39,76.3,217,3.5,77.8,357
PID001549,Toys & Games,Budget,24.56,29.3,1638.56,83.59,385,3.9,94.8,426
PID001550,,Budget,287.02,30.5,2429.61,94.06,,3.5,91.5,119
PID001551,Home & Kitchen,Budget,37.94,23.4,5855.92,,398,3.7,81.6,477
PID001552,Beauty & Personal Care,Budget,6.73,3.9,2154.52,95.48,446,2.3,,5
PID001553,Sports & Fitness,Premium,170.9284598,14.7,2883.48,60.51,219,4,63.3,64
PID001554,Sports & Fitness,Premium,78.96,3.6,4120.9,91.96,145,3.9,100,284
PID001555,Grocery,Budget,9.92,12.7,1024.15,67.52,345,4.6,90.7,302
PID001556,Home & Kitchen,Mid-range,54.2,13.2,1871.58,73.67,316,3.4,82.5,109
PID001557,Electronics,Mid-range,310.98,32.7,2117.03,292.23,197,4.5,87.4,483
PID001558,Electronics,Premium,337.68,8.1,6269.2,218.92,138,4.6,89.3,488
PID001559,Beauty & Personal Care,Mid-range,31.01,14.9,3529.57,66.99,162,3.9,78.8,174
PID001560,Sports & Fitness,Premium,76.43,1.5,3918.79,96.57,147,3.9,89.8,123
PID001561,,Budget,21.09,28.3,3083.49,53.26,409,3.4,79.7,382
PID001562,Apparel,Budget,25.73,,2958.29,75.87,297,3.6,90.5,197
PID001563,Beauty & Personal Care,Mid-range,32.9,26.5,6799.15,63.27,232,3.5,77.7,419
PID001564,,Budget,19.38,39.8,3175.28,94.33,554,3.6,86.8,807
PID001565,Grocery,Mid-range,19.72,10.7,2845.04,54.41,143,3.8,93,213
PID001566,Apparel,Budget,35.28,3.4,4106.62,27.49,478,3.3,83.4,186
PID001567,Home & Kitchen,Budget,64.45,10,5678.14,142.33,473,3.5,84.5,520
PID001568,Electronics,Mid-range,205.44,3.6,6059.02,293.26,309,4.1,88.1,501
PID001569,Beauty & Personal Care,,26.82,10.6,2378.83,16.15,148,4,68.9,5
PID001570,Grocery,Budget,11.85,9.3,4137.26,,346,3.4,83.8,231
PID001571,Grocery,Premium,10.95,9.6,3493.79,67.81,115,5,75.5,398
PID001572,Furniture,Mid-range,156.42,36,6571.98,317.43,174,3.8,85.8,711
PID001573,Furniture,Midrange,276.36,14.8,7612.41,49,296,3.9,84.9,285
PID001574,Apparel,Premium,75.06,2.7,1933.1,116.96,123,4.4,87.7,135
PID001575,Apparel,Premium,54.53,4.6,6356.2,18.06,116,4.6,97.1,375
PID001576,Sports & Fitness,Budget,33.11,,4581.88,126.87,,3.9,100,694
PID001577,Home & Kitchen,Premium,98.34,8.5,5709.14,51.63,113,4.1,83.8,292
PID001578,Grocery,Budget,14.37,43,3233.6,68.96,394,3.1,93.1,490
PID001579,Beauty & Personal Care,Mid-range,29.1,4.4,1719.72,121.01,185,3.7,88.5,188
PID001580,Furniture,Mid-range,392.43,13.6,7808.08,561.46,228,4.7,91.3,952
PID001581,Apparel,Budget,35.45,2.7,5296.79,75.6,356,3.4,93.2,284
PID001582,Electronics,Mid-range,305.17,25.8,5643.06,249.27,128,3.9,77.6,360
PID001583,Electronics,Mid-range,326.12,5.8,5983.96,,180,4.4,84.6,173
PID001584,Home & Kitchen,budget,,24.1,4327.15,20.31,318,4.2,84.1,343
PID001585,Home & Kitchen,Budget,32,4.2,4129.47,193.58,350,4,,335
PID001586,Apparel,Mid-range,54.92,20.7,2951.29,18.06,300,3.6,98.3,342
PID001587,Electronics,Mid-range,194.07,,5793.64,41.12,315,3.4,86,264
PID001588,Sports & Fitness,Mid-range,82.63,19.2,2425.02,149.93,245,4.6,94,460
PID001589,Toys and Games,Mid-range,22.06,16.2,3722.7,55.12,205,4.2,85.2,298
PID001590,Toys & Games,Budget,20.81,26.1,2727.83,87.73,366,3.7,76.4,278
PID001591,Sports & Fitness,Mid-range,,12.7,,120.66,223,3.6,90.5,174
PID001592,Home & Kitchen,Budget,35.39,53.3,5111.67,79.62,470,3.8,77.2,708
PID001593,Furniture,Mid-range,161.59,14.3,5136.81,151.39,287,4.2,78.7,369
PID001594,Apparel,Budget,52.99,7.5,3608.82,60.04,520,4.2,75.3,341
PID001595,Home & Kitchen,Mid-range,88.63,34.7,4483.85,34.98,139,3.5,72,224
PID001596,Electronics,Budget,88.86,52.2,3496.57,110.48,251,3.7,100,659
PID001597,Electronics,Mid-range,313.34,4.4,5468.8,41.12,352,3.6,88.5,143
PID001598,Electronics,Mid-range,171.65,12.2,3108.05,82.73,131,4,,75
PID001599,Beauty & Personal Care,Premium,54.06,12.2,4664.48,128.81,106,4,97.3,496
PID001600,Sports & Fitness,Mid-range,67.6,22.3,7679.36,161.14,141,,74.8,265
PID001601,Home & Kitchen,Budget,50.31,9.8,1315.22,54.6,277,3.8,80.5,73
PID001602,Apparel,Budget,33.46,15.6,5261,146.54,448,3.4,100,590
PID001603,,Premium,52.53,2.8,3457.95,49.92,162,4.6,85.8,257
PID001604,Sports & Fitness,Mid-range,53.04,8.7,7187.56,54.14,238,3.7,89.6,360
PID001605,Sports & Fitness,Mid-range,32.51,22.9,5526.48,176.88,330,3.9,86.4,627
PID001606,Beauty & Personal Care,Budget,21.54,9.3,4392.06,79.85,257,,60.9,5
PID001607,Grocery,Mid-range,17.3,23.8,5308.33,68.95,207,3.4,73.7,266
PID001608,Apparel,Mid-range,46.41,28.4,150,116.65,220,2.9,71,5
PID001609,Toys & Games,Budget,35.66,31.8,3549.5,53.81,417,2.5,90.4,294
PID001610,Beauty & Personal Care,Budget,6.5,27.5,1483.03,104.8,426,3.5,93,437
PID001611,Sports & Fitness,Premium,,10.4,9192.96,19.19,141,4.3,76.2,442
PID001612,Beauty & Personal Care,Premium,25.08,9.5,4218.52,43.36,206,4.3,93.1,330
PID001613,Grocery,Mid-range,25.75,9.8,6610.82,39.77,124,4.2,74.3,291
PID001614,Furniture,Premium,580.58,6.6,5836.01,162.29,123,4.2,94.9,101
PID001615,Toys & Games,Budget,31.12,10.9,2493.58,16.6,567,2.9,90.7,139
PID001616,Apparel,Mid-range,67.59,12.3,3489.97,66.55,198,3.8,73.9,151
PID001617,Beauty & Personal Care,Premium,33.39,19.1,3285.38,67.67,211,,97.6,486
PID001618,Furniture,Budget,234.79,51.3,5330.2,613.25,355,3.4,87.8,1127
PID001619,Electronics,Premium,832.46,8.8,3934.9,41.12,159,4.1,79.7,5
PID001620,Furniture,Mid-range,321.41,16.4,4271.77,237.4,305,3.3,86.5,261
PID001621,Beauty & Personal Care,Budget,5.73,42.8,1570.29,56.3,382,3.9,91.6,651
PID001622,Home & Kitchen,Budget,67.52,14.8,3151.4,96.91,422,4.3,77.9,386
PID001623,Home & Kitchen,Mid-range,23.09,16.6,4539.78,20.31,159,4,79.8,315
PID001624,Grocery,Budget,11.15,16.6,2659.45,15.02,296,4.2,84.1,306
PID001625,Electronics,Premium,364.62,5.2,3346.89,70.83,142,4.3,77.8,5
PID001626,Grocery,Budget,10.41,12.6,6686.5,127.37,377,3.8,92.8,536
PID001627,Beauty & Personal Care,Budget,17.84,5.2,3543.27,37.55,342,3,74.1,12
PID001628,Electronics,Mid-range,191.02,17.1,5021.88,41.12,290,3.8,94,322
PID001629,Electronics,Mid-range,214.09,8.1,3460.91,285.39,353,3.4,94.6,347
PID001630,Toys & Games,Mid-range,21.59,3.7,8178.12,72.9,164,,99.1,607
PID001631,Home & Kitchen,Mid-range,70.2,20.6,5449.6,98.32,376,3.8,61,325
PID001632,Home & Kitchen,Mid-range,65.23,27.4,5083.18,161.41,272,4.6,88.2,680
PID001633,Furniture,Mid-range,343.25,6,,215.92,171,3,91.8,5
PID001634,Furniture,Premium,314.98,4,4202.03,342.66,95,5,69.9,328
PID001635,Sports & Fitness,Budget,16.92,20.6,2307.44,20.58,301,3.7,89.5,274
PID001636,Toys & Games,Mid-range,30.91,7.8,1953.04,64.03,227,3.9,79.9,114
PID001637,Toys & Games,Premium,84.86,11.8,2525.9,44.65,97,4.1,72.9,96
PID001638,Grocery,Budget,8.71,25.3,893.99,39.14,313,3,100,193
PID001639,Home & Kitchen,Budget,62.81,24.1,4501.6,20.31,484,3.2,90.3,435
PID001640,Home & Kitchen,Mid-range,78.45,6.9,2593.14,137.22,139,3.5,65.5,5
PID001641,Sports & Fitness,Budget,22.5,6.9,4426.65,78.64,245,3.1,96.8,221
PID001642,Grocery,Budget,16.18,20.7,1105.97,118.26,241,3,91.8,131
PID001643,Beauty & Personal Care,Budget,15.36,9.8,3979.97,40.84,443,3.6,70.2,331
PID001644,Home & Kitchen,Mid-range,84.08,35.5,5758.11,40,214,2.8,81.2,183
PID001645,Home & Kitchen,Premium,108.7,12.5,9988.55,133.35,134,4,73.1,436
PID001646,Beauty & Personal Care,Budget,20.67,25.7,3792.16,94.63,356,3.4,66.1,324
PID001647,Grocery,Budget,11.26,13.6,2778.66,67.17,508,3.7,77.6,343
PID001648,Apparel,Budget,45.75,1.4,4757.04,145.95,279,3.2,87.3,220
PID001649,Furniture,Mid-range,211.24,4,5812.29,49,368,3.8,,238
PID001650,Home & Kitchen,Budget,14.78,29.4,3128.5,39.13,229,3.6,84.5,258
PID001651,APPAREL,Budget,31.32,24.9,3264.51,64.96,497,3.2,100,481
PID001652,Apparel,Premium,94.64,3.1,5416.1,40.42,62,4.2,84.4,136
PID001653,Electronics,Premium,152.96,9.6,9033.11,388.82,166,4.4,62.3,665
PID001654,Apparel,Premium,108.87,17.9,2922.23,48.53,69,3.6,78.4,5
PID001655,Sports & Fitness,Mid-range,193.7861411,26.6,6448.24,83.75,275,2.6,83,270
PID001656,Home & Kitchen,Mid-range,75.71,14.3,4350.89,83.98,215,4.2,82.8,285
PID001657,Apparel,Budget,20.25,32.5,4432.14,107.55,402,4.2,75.4,541
PID001658,Home & Kitchen,Mid-range,47.73,26.4,5609.2,20.31,286,3.8,90.5,475
PID001659,Electronic,Mid-range,361.36,19.9,7233.52,65.58,125,3.1,84.7,123
PID001660,Grocery,Mid-range,14.16,22,8101.45,98.22,156,2.9,91.5,375
PID001661,Toys & Games,Mid-range,35.78,19.5,2237.98,66.36,195,3.7,85.4,175
PID001662,Grocery,Budget,10.92,11.8,150,45.12,556,3.6,81.9,206
PID001663,Grocery,Mid-range,12.31,31.9,3891.06,24.06,214,3.7,97.8,307
PID001664,Electronics,Premium,224.48,20.2,2167.83,181.18,202,4.5,96.5,376
PID001665,Electronics,Budget,42.83,22.7,2610.39,329.87,323,3.3,91,580
PID001666,Apparel,Budget,37.81,38,163.28,133.69,547,3.7,59.7,373
PID001667,Apparel,Premium,90.08,5.9,1565.08,83.38,130,4.7,100,286
PID001668,Apparel,Budget,18.13,21.3,4358.51,67.88,410,4,90.6,562
PID001669,Beauty & Personal Care,Mid-range,25.21,5.9,8489.11,110.2,148,4,99.8,556
PID001670,Furniture,Budget,,41.2,5638.14,49,541,3.8,86.3,477
PID001671,Home & Kitchen,Mid-range,43.35,10.4,1787.19,152.89,141,3.5,73.1,89
PID001672,Grocery,Mid-range,,12.6,4517.45,46.38,322,3.6,93,285
PID001673,Sports & Fitness,Mid-range,65.08,5.1,7945.99,19.19,358,3.6,100,494
PID001674,Grocery,Budget,5.47,10.9,2935.71,107,509,3.2,87.5,311
PID001675,Toys & Games,Mid-range,31.01,35.6,5022.99,37.72,349,5,76.6,605
PID001676,Electronics,Mid-range,247.4,13,6462.93,43.2,141,4.3,71.4,248
PID001677,Home & Kitchen,Premium,89.17,2.4,13029.14,20.31,99,4.2,68.3,525
PID001678,Sports & Fitness,Premium,99.35,13,3274.16,88.43,109,4.5,80,223
PID001679,Beauty & Personal Care,Premium,16.33,5.4,7041.39,173.71,133,4.2,76.9,530
PID001680,Apparel,Budget,28.65,,2411.37,41.52,280,3.6,70,165
PID001681,Apparel,Mid-range,49.84,19.6,3772.23,42.49,281,3.5,90.3,272
PID001682,Furniture,Mid-range,287.31,15.3,5974.42,134.43,301,,87.6,357
PID001683,Grocery,Budget,10.12,29.5,3890.67,96.47,274,4.6,69.1,446
PID001684,Grocery,Budget,13.5,9.8,5338.32,90.08,448,3.6,99.6,421
PID001685,Furniture,Budget,125.62,44,3555.25,322.04,475,3.4,97.9,779
PID001686,Apparel,Budget,22.5,36.3,3219.17,135.48,404,3.5,84.9,468
PID001687,Apparel,Budget,31.44,25.3,2860.44,145.87,419,3.8,85.3,439
PID001688,Sports & Fitness,Budget,53.03,0.2,2580.02,77.98,236,3,73.1,5
PID001689,Beauty & Personal Care,Premium,55.56,4.9,2599.21,65.83,63,4.2,91.3,194
PID001690,Apparel,Mid-range,41.17,23.3,2558.05,29.53,251,3.7,100,288
PID001691,Toys & Games,Budget,14.47,10.4,,16.6,232,3.6,72.6,170
PID001692,Apparel,Premium,65.01,9.4,6297.09,77.71,85,4.8,86.2,338
PID001693,Home & Kitchen,Premium,141.92,9.3,4861.13,51.83,133,4.2,93,288
PID001694,Toys & Games,Mid-range,31.04,13.1,1375.3,91.7,163,3.8,71,104
PID001695,Apparel,Premium,54.18,14.8,5591.92,64.67,156,4.8,93.6,524
PID001696,Beauty & Personal Care,Mid-range,26.93,11.6,5776.12,116.05,322,4,82.6,522
PID001697,Grocery,Budget,9.22,34.8,1659.51,80.04,459,3.9,79.6,465
PID001698,Sports & Fitness,Premium,111.64,8.6,3267.99,131.44,76,3.9,78.9,84
PID001699,Electronics,Premium,407.1,8.6,3541.92,270.83,86,4.6,84.4,213
PID001700,Sports & Fitness,Premium,159.46,9.2,,76.02,107,4.8,100,450
PID001701,Home & Kitchen,Budget,14.13,9.6,1520.1,136.78,389,3.9,88.1,395
PID001702,Electronics,Mid-range,188.78,7,4232.68,109.64,317,3.7,86.8,297
PID001703,Grocery,Budget,14.2,42.7,4202.67,53.44,452,3.2,73.6,450
PID001704,Apparel,mid-range,17.56,13.1,5586.52,48.39,236,4,82.3,364
PID001705,Sports & Fitness,Budget,52.23,26.8,1539.03,98.51,334,3.5,92.8,233
PID001706,Toys & Games,Mid-range,31.75,12.3,4757.98,16.6,326,3.5,93,323
PID001707,Furniture,Premium,313.16,2.3,4475.66,274.58,126,3.5,95.9,173
PID001708,Toys & Games,Mid-range,20.17,10.1,1959.31,47.15,324,3.9,74.7,141
PID001709,Apparel,Budget,30.92,14.5,4116.76,69.07,,3.7,90.4,323
PID001710,Electronics,Mid-range,232.23,23,1874.72,41.12,168,3.4,89.9,25
PID001711,Grocery,Budget,11.51,42.7,3608.15,121.88,252,4.3,86.2,600
PID001712,Toys & Games,Premium,35.2,5.7,6020.44,27.75,196,4.6,83.7,297
PID001713,Apparel,Mid-range,26.44,16.9,8310.75,43.84,339,3.7,79.4,464
PID001714,Furniture,Mid-range,222.6,7.1,6397.77,210.98,325,4.3,82.8,515
PID001715,,Budget,16.58,48.1,4237.95,22.76,409,2.9,70.1,522
PID001716,Beauty & Personal Care,Mid-range,36.28,7.6,1653.01,42.63,171,4.4,66.9,168
PID001717,Apparel,Premium,,8,7168.15,129.44,136,4,100,442
PID001718,Grocery,Budget,10.86,10.1,2920.97,68.04,353,2.9,72,110
PID001719,Beauty & Personal Care,Premium,68.75,5.8,4389.3,147.6,101,3.9,74.9,183
PID001720,Electronics,Mid-range,320.11,22.8,3675.08,170.82,325,3.8,93.4,342
PID001721,Electronics,Mid-range,395.51,1.6,7970.98,146.64,311,3.8,92.1,388
PID001722,Home & Kitchen,Budgett,20.57,19.5,5570.95,56.71,386,3.5,100,498
PID001723,Home & Kitchen,Mid-range,71.84,36,5492.83,21.63,167,3.4,82,339
PID001724,Furniture,Premium,716.62,6,10159.45,49,178,4.7,95,214
PID001725,Toys & Games,Mid-range,33.79,6.6,3638.43,63.41,296,3.8,98.5,226
PID001726,Toys & Games,Mid-range,25.98,15.7,1417.43,98.12,361,3.4,63.6,28
PID001727,Home & Kitchen,Mid-range,24.31,5.9,8485.81,72.94,271,3.9,77,456
PID001728,Toys & Games,Premium,58.6,4.7,6254.56,141.66,155,4,89.4,295
PID001729,Beauty & Personal Care,Budget,30.45,13.1,986.74,58.54,441,3,88.3,143
PID001730,Beauty & Personal Care,Budget,11.57,30.6,3908.52,163.65,519,4,83.7,749
PID001731,Beauty & Personal Care,Mid-range,27.47,9.3,5332.37,67.28,301,4.1,97.2,499
PID001732,Electronics,Mid-range,243.33,28.6,4466.61,155.17,283,4,82.1,386
PID001733,Toys & Games,Budget,7.34,17.5,4385.37,151.09,299,2.8,71.2,168
PID001734,,Budget,,34.3,4451.43,110.44,,3.6,87.1,488
PID001735,Beauty & Personal Care,Budget,9.49,21.4,383.14,63.28,544,3.7,90.9,447
PID001736,Home & Kitchen,Mid-range,68.55,25.3,3343.46,110.86,240,4.1,80.8,440
PID001737,,Budget,103.14,27.8,4622.51,435.89,330,3.9,91.5,846
PID001738,Home & Kitchen,Mid-range,54.29,21.2,4247.07,170.11,317,3.6,89.7,528
PID001739,Beauty & Personal Care,Mid-range,,21.3,973.31,16.76,343,3.8,78.7,202
PID001740,Grocery,Budget,9.68,,4831.45,25.02,559,3,99.6,578
PID001741,Electronics,Premium,416.56,8,3332.9,167.47,157,4.1,84.6,82
PID001742,Apparel,Budget,26.01,28.7,2047.98,104.69,319,2.5,77.1,97
PID001743,Toys & Games,Mid-range,22.31,16.5,2473.39,52.82,233,3.6,93.3,160
PID001744,Home & Kitchen,Mid-range,66.43,23.6,6111.09,134.95,288,3.9,93.5,568
PID001745,Home & Kitchen,Mid-range,48.83,18.6,6936.97,56.31,159,3.9,100,497
PID001746,Apparel,Mid-range,54.48,3.1,3894.85,18.06,144,4.2,83.5,80
PID001747,Electronics,Premium,474.87,6.9,,41.12,65,3.9,71.9,5
PID001748,Grocery,MID-RANGE,14.39,9.6,1991.01,60.65,183,4.4,97.5,343
PID001749,Toys & Games,Mid-range,38.57,7.1,3108.99,45.24,127,3.8,78.9,54
PID001750,Grocery,Budget,20.18,19.7,1848.96,79.54,314,3.9,76.4,219
PID001751,Apparel,Budget,40.96,12.1,1750.98,74.74,371,3.3,75.6,60
PID001752,Apparel,Budget,14.72,17.5,4119.39,127.32,435,3.8,71,400
PID001753,Beauty & Personal Care,Mid-range,24.35,17.6,2006.8,77.86,148,4.2,100,364
PID001754,Sports & Fitness,Mid-range,55.3,15.9,4642.01,65.94,318,4.2,70.4,336
PID001755,Apparel,Premium,49.84,5,6780.32,18.06,180,4.5,85.4,362
PID001756,Home & Kitchen,Budget,39.7,26.8,4318.32,82.04,310,3.2,83,281
PID001757,Beauty & Personal Care,Premium,43.94,3.4,2740.35,118.39,83,,98.8,287
PID001758,Apparel,Premium,42.4,1.4,9339.33,88.18,176,4.1,95.2,486
PID001759,Electronics,Mid-range,423.36,16.7,150,41.12,257,4,82.9,5
PID001760,Furniture,Mid-range,487.39,14,5710.18,579.82,127,3.7,90.6,575
PID001761,Electronics,Mid-range,228.41,2.2,9811.360563,256.45,370,,77.1,184
PID001762,Furniture,Premium,513.09,3.7,3975.86,229.93,73,4.6,80.8,112
PID001763,Grocery,Budget,9.08,2.2,4306.69,120.49,294,3.5,94.8,451
PID001764,Furniture,Premium,433.68,8.1,7675.93,249.22,173,4.3,84.1,406
PID001765,Furniture,Mid-range,284.9,0.4,896.55,485.54,259,3.3,84.6,218
PID001766,Grocery,Mid-range,21.08,5.2,4167.03,,225,3.4,71.3,92
PID001767,Toys & Games,Budget,21.51,38.7,3582.05,61.12,242,3.7,69.2,283
PID001768,Furniture,Budget,278.27,26.7,3843.65,49,274,3.6,72.8,77
PID001769,Sports & Fitness,Budget,10.27,16.5,2539.54,19.19,289,3.7,90.6,228
PID001770,Furniture,Premium,541.9,8.2,5092.84,49,119,4.3,75.6,5
PID001771,Home & Kitchen,Mid-range,35.84,7,6857.67,88.09,236,4.6,100,666
PID001772,Apparel,Budget,25.44,17.4,4780.91,79.02,558,3.7,70.2,390
PID001773,Sports & Fitness,Budget,33.39,24.8,412.56,58.9,338,3.4,84.8,199
PID001774,Apparel,Mid-range,28.34,,2216.67,45.23,193,3.8,86.2,166
PID001775,beauty & personal care,Budgett,16.95,31.3,2669.42,145.4,257,3,82.6,375
PID001776,Sports & Fitness,Mid-range,62.24,25.9,2509.31,143.13,373,4.3,100,538
PID001777,Sports & Fitness,Mid-range,55.83,13.8,2962.6,25.75,370,3.9,81.1,283
PID001778,Apparel,Budget,51.78,11.7,3286.38,55.49,301,3.9,75.8,195
PID001779,Electronics,Mid-range,161.31,9.5,2820.31,41.12,339,4,68.2,55
PID001780,Apparel,Budget,25.74,28.2,1188.61,18.06,514,2.7,98.9,256
PID001781,Electronics,Premium,2717.210026,1.2,5679.68,202.87,202,4.6,88.8,259
PID001782,Apparel,Premeium,82.97,8.3,3273.85,75.69,84,4.1,76.7,138
PID001783,Electronics,Budget,164.94,41.4,4466,64.88,474,3.6,86.2,615
PID001784,Grocery,Budget,13.41,11.5,5776.16,38.14,440,2.9,75.3,287
PID001785,Grocery,Budget,14.7,23.9,773.43,17.82,560,3.5,80.2,227
PID001786,Home & Kitchen,Premium,140.32,11.9,3318.11,127.25,126,4.8,79.3,296
PID001787,Toys & Games,Budget,22.69,23.1,150,43.84,480,3.7,66.8,133
PID001788,Sports & Fitness,Budget,47.86,21.8,2246.25,48.73,488,3.8,96.8,437
PID001789,Toys & Games,Mid-range,16.54,6.4,3421,43.47,207,3.6,79.5,76
PID001790,Grocery,Budget,19.74,20,3081.29,96.63,393,2.8,89.6,201
PID001791,Toys & Games,Premium,87.06,2.6,8631.65,62.92,90,5,81.2,395
PID001792,Furniture,Mid-range,272.73,1.3,5214.72,238.98,140,3.9,77.7,187
PID001793,Beauty & Personal Care,Budget,8.25,23.9,1184.77,75.66,577,3.2,75.1,380
PID001794,Toys & Games,Mid-range,23.57,18.8,4030,51.78,253,4.3,,286
PID001795,Grocery,Mid-range,22.8,10.4,4067.26,96.86,141,3.5,78.2,82
PID001796,Electronics,Mid-range,175.62,22.8,3830.07,158.6,349,3.1,73.4,213
PID001797,Sports & Fitness,Mid-range,42.82,13.1,2701.4,53.92,279,3.9,74.7,195
PID001798,Grocery,Budget,19.15,4.4,3605.16,65.05,496,3.3,74.6,179
PID001799,Sports & Fitness,Budget,45,21.1,3132.94,166.75,595,3.6,97.9,627
PID001800,Home & Kitchen,Mid-range,52.7,6.7,4930.36,62.36,195,3.8,88.8,254
PID001801,Electronics,Mid-range,232.28,23.3,3225.24,41.12,201,3.9,88.3,206
PID001802,Apparel,Mid-range,75.42,16.6,4193.37,62.85,177,3.7,75.4,135
PID001803,Toys & Games,Premium,61.38,4.6,4334.04,16.6,80,4.9,76,143
PID001804,Apparel,Mid-range,37.8,13.1,4452.48,67.13,343,4,81.6,363
PID001805,Electronics,Mid-range,202.67,18.9,5635.55,190.88,122,4.3,99.9,559
PID001806,Electronics,Mid-range,193.78,15.4,6001.3,66.09,215,4,69.3,266
PID001807,Furniture,Mid-range,341.03,34.4,2788.26,105.34,314,4.4,,468
PID001808,Beauty & Personal Care,Budget,13.79,21.7,1663.83,59,230,4.3,98.3,494
PID001809,Grocery,Mid-range,11.68,19.4,3810.26,34.53,352,3.4,75.4,266
PID001810,,Mid-range,308.62,3,1451.34,57.85,352,3.9,92.9,111
PID001811,Furniture,Premium,491.31,7.1,7568.66,49,168,4.3,90.2,136
PID001812,Beauty & Personal Care,Mid-range,29.45,25.7,1252.01,35,263,3.7,81.6,244
PID001813,Sports & Fitness,Premium,112.88,6,10150.52,119.26,96,3.9,70.5,300
PID001814,Home & Kitchen,Premium,171.43,15.6,5250.45,112.9,127,5,87.1,549
PID001815,,Mid-range,,25.9,6201.52,275.35,138,4.2,74.5,474
PID001816,Apparel,Premium,86.34,18.9,8215.62,149.19,172,4.5,73.2,547
PID001817,Beauty & Personal Care,Mid-range,35.87,11.6,4976.92,112.31,337,3.6,83.9,406
PID001818,Electronics,Premium,384.95,17.1,3621.32,41.12,103,3.8,100,5
PID001819,Furniture,Mid-range,248.58,6.1,3938,60.36,326,4.5,76.4,190
PID001820,Electronics,Mid-range,312.39,4.2,6747.88,236.21,351,4.1,96.3,470
PID001821,Sports & Fitness,Budget,48.62,25.7,1722.36,125.01,398,3.1,85.3,275
PID001822,Toys & Games,Budget,16.3,37.3,3053.58,64.23,393,3.9,74.2,402
PID001823,Apparel,Mid-range,58.38,5,5011.09,35.21,160,4.3,78.3,232
PID001824,Electronics,,258.42,10.3,7574.46,111.17,100,5,65.4,393
PID001825,Home & Kitchen,Premium,123.01,9.7,2942.65,28.74,168,4,80.2,115
PID001826,Furniture,Budget,232.23,23.5,3538.39,473.04,524,3.7,83.4,821
PID001827,Sports & Fitness,Budget,31.12,25.7,3919.58,121.42,392,3.2,91.1,443
PID001828,Beauty & Personal Care,Premium,17.25,4.3,7159.7,18.74,100,4.4,93.8,427
PID001829,Home & Kitchen,Budget,30.11,14.1,1917.61,112.59,591,3.2,91.6,414
PID001830,Home & Kitchen,Mid-range,62.86,3.6,1707.88,77,358,4.2,84,160
PID001831,Toys & Games,Budget,15.53,13.2,5395.03,73.65,499,3.5,74.9,305
PID001832,Sports & Fitness,Budget,25.29,24.1,2860.35,47.12,241,3.7,91.4,342
PID001833,Toys & Games,Premium,80.25,19.8,8385.72,16.6,114,,84.7,303
PID001834,Toys & Games,Premium,41.1,2.7,4200.6,164.43,171,4,89.6,320
PID001835,Apparel,Budget,57.25,11.1,150,18.06,485,3.2,79.1,85
PID001836,Sports & Fitness,Budget,19.44,32.1,150,33.63,397,3.7,82.6,282
PID001837,Electronics,Budget,245.12,37.9,2858.62,41.82,266,3.7,99.2,365
PID001838,Apparel,Mid-range,56.86,23.9,2039.45,90.66,313,4.2,77.2,303
PID001839,Home & Kitchen,Premium,,12.1,5115.37,20.31,91,4.2,74.3,206
PID001840,Grocery,Mid-range,32.83,8.8,2397.28,57.32,208,3.9,100,174
PID001841,Apparel,Premium,82.94,,4311.49,60.38,123,4.6,84.5,313
PID001842,Beauty & Personal Care,Budget,23.05,20.2,3044.86,60.3,576,2.9,74,258
PID001843,Beauty & Personal Care,PREMIUM,16.07,4.6,9527,109.3,143,4.7,82.7,679
PID001844,,Budget,15.78,65,1263.99,15.02,600,3.9,95.9,668
PID001845,Beauty & Personal Care,Mid-range,27.36,5.1,8491.95,24.89,371,3.9,89.4,676
PID001846,Grocery,Budget,9.7,11.4,3174.41,85.59,428,4.4,84.4,437
PID001847,Grocery,Budget,12.24,6.8,2579.48,37.88,515,3.2,85.4,272
PID001848,Furniture,Premium,582.28,4,2336.16,75.71,110,4,83.2,5
PID001849,Apparel,Budget,33.15,38,1037.45,85.79,479,3.3,94.2,441
PID001850,Grocery,Budget,13.86,5.8,3392.15,15.02,282,2.7,79.6,5
PID001851,Apparel,Budget,27.69,7.9,3537.18,107.03,567,3.8,,396
PID001852,Furniture,Premium,398.84,4.9,4111.09,82.7,163,4,76.7,5
PID001853,Home & Kitchen,Premium,178.24,4,4231.32,194.97,199,4.3,94.1,376
PID001854,Electronics,Budget,120.28,31.2,4481.38,41.12,516,3.3,82.9,459
PID001855,Grocery,Mid-range,14.61,11.7,4565.8,74.03,292,4.4,83.3,386
PID001856,Beauty & Personal Care,Premium,54.74,9.7,1747.83,88.73,71,4,83.9,82
PID001857,Home & Kitchen,Budget,29.74,27.5,3109.31,74.11,536,3.7,82.8,512
PID001858,Toys & Games,Budget,24.79,31.3,5027.39,129.6,336,2.8,82.3,330
PID001859,Beauty & Personal Care,Mid-range,28.71,30.8,4225.36,99.79,161,3.3,75.9,271
PID001860,Apparel,Premium,36.32,5.4,9300.87,122.99,134,3.7,77.9,356
PID001861,Beauty & Personal Care,Premium,80.63,3.7,6803.32,47.69,211,3.3,83.7,190
PID001862,Sports & Fitness,MID-RANGE,,21.7,3489.45,233.35,271,3.5,77.5,408
PID001863,Beauty & Personal Care,Budget,36.13,18.9,2178.84,34.62,495,4.1,85.1,475
PID001864,Furniture,Mid-range,213.2,6.1,1692.03,184.23,286,3.9,87.3,128
PID001865,Beauty & Personal Care,Budget,11.72,28.8,837.91,26.11,325,3.4,81.6,258
PID001866,Furniture,Budget,180.58,2.5,1756.22,217.8,416,3.1,88,175
PID001867,Grocery,Premium,36.59,3.6,6115.42,57.02,114,4.8,93.2,400
PID001868,Sports & Fitness,Mid-range,74.47,31.4,5386.86,126.99,147,3.3,71.4,245
PID001869,Electronics,Mid-range,216.84,13.8,6467.76,294.57,329,3.8,100,761
PID001870,Sports & Fitness,Mid-range,48.03,12.3,4302.61,19.19,364,3.6,97.8,427
PID001871,Grocery,Budget,3.43,12.9,3888.49,71.21,311,4.2,100,432
PID001872,Beauty & Personal Care,Premium,49.56,3.6,150,16.15,202,5,80.2,149
PID001873,Apparel,Mid-range,12.85,32.7,5058.91,102.56,287,4.2,90.6,607
PID001874,Toys & Games,Mid-range,10.83,4.8,3463.14,16.6,152,3.9,85.2,97
PID001875,Apparel,Mid-range,54.79,,1731.32,26.98,162,4.4,100,204
PID001876,Apparel,Premium,94.61,17,8711.17,47.53,194,4.8,96.1,638
PID001877,Beauty & Personal Care,Mid-range,21.02,19.9,2735.98,65.12,185,3.8,86.9,241
PID001878,Sports & Fitness,Mid-range,78.13,24.2,2902.21,34.87,324,3.7,88.8,299
PID001879,Apparel,Budget,35.08,21.7,4533.11,18.06,525,2.8,67.8,176
PID001880,Electronics,Mid-range,252.54,5.8,3489.29,163.36,299,4.7,60.7,214
PID001881,Beauty & Personal Care,Budget,9.35,0.6,1572.85,130.94,329,3.7,83.1,176
PID001882,Home & Kitchen,Mid-range,64.08,36.1,4091.05,20.31,123,3.8,96.4,365
PID001883,Beauty & Personal Care,Budget,17.16,18.3,3766.23,,352,3.7,83.4,369
PID001884,Furniture,Premium,549.26,9.8,4613.86,417.51,93,4,78.2,131
PID001885,Furniture,Mid-range,261.07,10.2,2647.17,49,256,3.1,77.1,5
PID001886,Grocery,Mid-range,28.68,42.8,6991.27,88.95,266,,95,588
PID001887,Electronics,Mid-range,277.21,23.6,3565.66,311.96,315,4.4,71.3,533
PID001888,Sports & Fitness,Mid-range,65.51,23.3,3747.84,126.75,232,3.6,89.3,378
PID001889,Home & Kitchen,Premium,150.34,3.5,1871.06,127.03,178,4.1,,143
PID001890,Home & Kitchen,Mid-range,48.39,29.9,2480.49,62.82,284,3.8,82.8,285
PID001891,Grocery,Mid-range,14.93,5.7,4776.76,49.43,266,3.6,77.6,253
PID001892,Electronics,Mid-range,161.92,14.5,3237.02,375.43,202,5,100,766
PID001893,Sports & Fitness,Premium,136.15,6.9,150,19.19,199,4,76.3,5
PID001894,Apparel,Budget,31.16,48.7,1121.65,116.14,229,3.1,89.8,354
PID001895,Grocery,Budget,7.89,25.7,1715.86,15.02,545,3.2,76.4,207
PID001896,Toys & Games,Mid-range,50.78,17.2,1611.78,94.31,347,3.9,74.7,264
PID001897,Electronics,Mid-range,293.65,14.6,2535.51,41.12,344,4.2,84.9,96
PID001898,Electronics,Mid-range,,17.8,3237.09,156.6,171,4.5,74.2,211
PID001899,Home & Kitchen,Mid-range,106.59,7.2,4266.24,60.12,252,3.7,84.7,196
PID001900,Toys & Games,Mid-range,39.89,21.7,3910.9,16.6,196,3.9,81.1,210
PID001901,Sports & Fitness,Mid-range,22.95,32.6,2723.84,36.75,335,3.5,100,366
PID001902,Apparel,Premium,63.3,5.3,7952.2,73.41,,4,92.5,399
PID001903,Electronics,Budget,147.89,13.4,2711.28,308.39,475,4,97.6,623
PID001904,Apparel,Mid-range,29.78,31,6699.44,117.77,297,4,66.7,563
PID001905,Beauty & Personal Care,Mid-range,13.93,9.4,2872.11,86.3,,2.4,85.1,5
PID001906,Toys & Games,Mid-range,27.59,10.1,4345.65,85.31,189,,100,444
PID001907,Grocery,Mid-range,25.11,19.1,2334.43,77.5,151,4,98.2,324
PID001908,Toys & Games,Mid-range,37.52,23,6568.51,97.33,236,4.1,72.7,387
PID001909,Toys & Games,Budget,18.98,7.8,4000.91,119.55,594,3.8,,575
PID001910,,Budget,10.76,19.1,5739.53,52.48,579,3.5,83,517
PID001911,Home & Kitchen,Premium,103.44,14,6013.47,72.13,213,4.1,96.9,406
PID001912,Apparel,Mid-range,56,13.7,2382.01,48.7,182,4.1,88,260
PID001913,Sports & Fitness,Budget,53.82,38.3,1632.92,77.8,307,6.6,85.2,355
PID001914,Grocery,Mid-range,24.28,8.9,3889.77,20.64,250,3.4,73.5,72
PID001915,Sports & Fitness,Budget,40.82,13.3,3956.41,44.35,543,4.8,68.1,488
PID001916,Sports & Fitness,,58.49,27.9,6661.39,146.81,240,3.5,100,571
PID001917,Beauty & Personal Care,Premium,39.94,3.3,4702.36,94.39,164,4.6,79.9,337
PID001918,Toys & Games,Mid-range,42.82,7.6,5065.72,25.36,337,3.8,83.8,259
PID001919,Sports & Fitness,,43.18,4.3,3108.18,19.19,344,3.8,100,316
PID001920,Grocery,Mid-range,10.26,19.7,,15.02,306,3.5,82.4,372
PID001921,Beauty & Personal Care,Mid-range,30.18,33.4,3261.43,26.86,198,4.4,78.1,491
PID001922,Apparel,Premium,58.73,3.1,3419.28,18.06,102,4,80.6,5
PID001923,Grocery,Budget,5.45,22.7,2038.19,48.51,479,3.3,,315
PID001924,Home & Kitchen,Mid-range,50.77,4.8,5955.28,80.66,125,4.2,79.6,251
PID001925,Sports & Fitness,Budget,45.8,16.5,5527.56,113.14,459,3.6,85.4,498
PID001926,,Budget,12.35,37.8,4135.25,97.53,457,4,73.3,496
PID001927,,Mid-range,62.15,2.2,7943.28,19.19,307,4.3,85.4,425
PID001928,Beauty & Personal Care,Premium,52.7,7.8,5712.81,80.65,150,4.8,90.4,558
PID001929,Electronics,Mid-range,259.57,22,3724.84,41.12,330,4.2,90.3,312
PID001930,Electronics,Budget,166.99,23.8,4452.15,256.17,471,3.3,90.6,684
PID001931,Furniture,Budget,179.89,12.8,3324.32,81.58,353,3.9,72.5,126
PID001932,Beauty & Personal Care,Premium,27.37,11.9,8751.06,42.57,86,3.7,85.1,381
PID001933,Home & Kitchen,Budget,36.45,33.4,3052.41,46.35,476,3.6,100,521
PID001934,Toys & Games,Budget,25.07,13.9,4249.14,16.6,479,3.3,85.7,230
PID001935,Home & Kitchen,Budget,30.33,46.8,3164.87,73.62,271,3.2,88.6,413
PID001936,Beauty & Personal Care,Premium,36.35,12.2,5067.55,62.01,212,3.4,78.6,180
PID001937,Grocery,Budget,13.09,4.9,1773.06,83.05,367,3.6,100,200
PID001938,Grocery,Budget,9.75,4.3,3298.79,106.85,585,2.8,84.7,191
PID001939,Electronics,Mid-range,222.46,19.2,6660.59,48.3,175,4,90.8,283
PID001940,Toys & Games,Budget,22.12,28,5679.8,16.6,299,3.2,91.6,316
PID001941,Home & Kitchen,Mid-range,86.34,7.4,2931.81,131.56,266,3.6,85.5,195
PID001942,Grocery,Budget,14.55,20.1,5487.29,55.2,463,3.5,,508
PID001943,Sports & Fitness,Mid-range,36.81,13.7,5145.39,48.42,198,3.8,72.2,195
PID001944,Toys & Games,Mid-range,31.1,15.8,2845.17,53.87,200,3.3,92.7,152
PID001945,Home & Kitchen,Mid-range,50.24,20.2,4566.99,57.96,253,4.1,77.3,299
PID001946,Beauty & Personal Care,Premium,39.2,4.8,3444.26,73.65,104,3.8,97.5,52
PID001947,,Budget,10.8,24.2,3152.72,54.57,453,,75.2,227
PID001948,Home & Kitchen,Premeium,102.09,3.9,5351.14,63.34,113,4.4,80.6,263
PID001949,Apparel,Budget,21.58,11.1,1759.54,19.14,376,4.3,88.7,287
PID001950,Home & Kitchen,Budget,31.21,30.7,3168.52,20.31,272,3.4,72.3,236
PID001951,Toys & Games,Mid-range,21.69,21,5067.52,53.96,297,4.1,78.1,355
PID001952,Grocery,Premium,32.19,12.3,5489.63,15.02,168,4.3,91.7,361
PID001953,Furniture,Premium,384.71,18.7,6799.88,49,164,4,99,274
PID001954,Beauty & Personal Care,Premium,34.71,14.6,6018.94,145.2,175,4.6,85.3,647
PID001955,Electronics,Mid-range,261.76,13.6,1108.53,93.38,200,4.2,87.2,113
PID001956,Furniture,Budget,202.53,2.3,19197.16119,324.37,512,3.8,82.8,584
PID001957,Home & Kitchen,Mid-range,74.88,11.2,5532.67,20.31,285,4,89.2,371
PID001958,Sports & Fitness,Premium,94.47,6.2,2183.94,41.04,129,4.1,98.3,183
PID001959,Grocery,Budget,11.79,31.8,3741.08,40.41,270,3.6,97.8,429
PID001960,Home & Kitchen,Mid-range,100.5,20,2996.65,31.46,194,4.1,100,354
PID001961,Toys & Games,Mid-range,45.7,10.3,3852.51,82.94,141,3.9,78.6,158
PID001962,Furniture,Premium,708.6,1.3,8034.53,99.43,177,4.2,82.8,5
PID001963,Grocery,Budget,3.41,4.1,1268.15,33.85,563,3.4,65,127
PID001964,Grocery,Budget,5.19,22.5,1813.72,61,291,3.8,83.9,184
PID001965,Toys & Games,Budget,28.71,7.4,1505.17,38.87,547,3.7,96.8,251
PID001966,Toys & Games,Budget,6.29,5.4,1164.29,101.35,509,3.6,91,272
PID001967,Electronics,Mid-range,260.77,25.6,1039.26,41.12,259,4.4,96,328
PID001968,Apparel,Mid-range,15.03,1.8,3403.56,72.46,312,4.1,70.9,215
PID001969,Home & Kitchen,Budget,64.26,12.1,5103.73,87.37,582,4,66.9,455
PID001970,Grocery,Budget,8.54,9.2,5515.94,59.13,417,3.5,86.7,417
PID001971,Electronics,Mid-range,192.76,14.6,3280.32,152.02,226,4.2,91,367
PID001972,Apparel,Premium,67.52,2.4,4130.13,112.66,85,4,82.2,159
PID001973,Sports & Fitness,Mid-range,66.59,18.5,2480.53,88.64,353,3.6,81.9,219
PID001974,Apparel,Mid-range,53.94,8.4,4034.26,55.27,367,4.3,83.2,432
PID001975,Furniture,Mid-range,188.45,22.3,5279.81,260.47,167,4.2,78.1,513
PID001976,Grocery,Budget,31.37734929,28.8,3490.95,59.69,431,4.3,81.9,475
PID001977,Sports & Fitness,Budget,33.85,17.7,3355.42,19.19,544,3.4,75.4,268
PID001978,Grocery,Budget,3,21.8,2178.83,19.31,425,3.3,91.2,223
PID001979,Grocery,Mid-range,25.92,2.4,6561.15,24.95,317,,78.6,243
PID001980,Apparel,Mid-range,40.72,12.5,5756.51,141.35,175,2.8,68,20
PID001981,Beauty & Personal Care,Premium,49.36,6.5,1680.38,26.86,108,4.9,100,212
PID001982,,Mid-range,38.85,23.8,5962.73,37.03,365,3.6,69.5,383
PID001983,Sports & Fitness,budget,30.22,19.1,2248.48,136.72,456,3.7,83.2,418
PID001984,Electronics,Budget,138.13,30.8,5189.09,153.91,599,,97.7,752
PID001985,Apparel,Mid-range,32.87,31.9,2760.41,100.04,172,3.5,86.3,329
PID001986,Home & Kitchen,Budget,65.56,15.6,1477.02,67.69,561,3.8,91.7,372
PID001987,Beauty & Personal Care,Premium,43.36,19.5,6178.63,71.75,126,4.6,100,547
PID001988,Apparel,Mid-range,51.41,23.5,,146.25,179,3.9,100,301
PID001989,Beauty & Personal Care,Budget,8.38,25.1,2095.17,16.15,374,3.9,92.3,503
PID001990,Grocery,Mid-range,8.02,7.7,3763.86,37.16,256,3.3,88.5,70
PID001991,Sports & Fitness,Premium,74.35,3.3,5445.33,128.89,218,3.9,70.7,267
PID001992,Apparel,Mid-range,53.35,,3316.31,114.69,357,4.1,99.3,441
PID001993,Grocery,Budget,19.76,22,1789.43,66.9,245,3.2,76.9,80
PID001994,Electronics,Budget,98.77,29.9,4093.52,121.47,227,3.7,75.1,275
PID001995,Electronics,Mid-range,218.38,24,363.12,90.99,247,3.8,72,5
PID001996,Home & Kitchen,Budget,28.3,11.2,1854.88,83.44,332,3.2,92.9,191
PID001997,Home & Kitchen,Mid-range,51.79,19.2,6070.68,84.82,379,4,93.5,558
PID001998,Sports & Fitness,Mid-range,54.13,33.6,5474.85,109.78,310,4.6,100,739
PID001999,Electronics,Budget,80.64,20.3,7346.39,41.12,569,3.3,71.2,476
PID002000,Apparel,Mid-range,32.78,29,2258.9,18.06,353,3.9,80.7,289
PID002001,Toys & Games,Budget,9.8,11.2,4702.39,91.6,463,3.1,100,413
PID002002,Home & Kitchen,Mid-range,51.42,14.3,4105.52,55.01,299,3.6,79.6,186
PID002003,Electronics,Premium,455.99,3.1,6707.17,137.52,70,4.3,86.9,135
PID002004,Grocery,Mid-range,22.64,15.6,3999.2,41.67,195,3.8,96.7,293
PID002005,Home & Kitchen,Budget,61,8.6,2412.93,185.99,375,3.3,100,365
PID002006,Sports & Fitness,Mid-range,55.43,19.1,1987.72,49.45,315,4.4,70.9,234
PID002007,Beauty & Personal Care,Mid-range,25.8,36.4,6838.01,88.69,176,3.4,73.4,436
PID002008,Home & Kitchen,Budget,15.3,18.1,4505.92,156.71,481,3.3,89.4,522
PID002009,Electronics,Mid-range,265.59,16.1,2229.92,311.73,157,4.3,97.1,504
PID002010,Home & Kitchen,Budget,52.94,26.6,3016.25,20.31,374,3.4,86.8,200
PID002011,Home & Kitchen,Budget,47.22,24.7,4302.42,20.31,366,4,84,390
PID002012,Apparel,premium,58.27,6.4,4989.72,67.38,205,4.2,92.7,338
PID002013,Toys & Games,Budget,9.28,7.7,1657.7,68.62,325,3.4,95.6,136
PID002014,Apparel,Mid-range,37.06,7.4,4071.05,80.99,166,3.8,67.3,51
PID002015,Apparel,Budget,46.14,17.7,4038.67,76.97,452,3.5,86.6,374
PID002016,electronics,Mid-range,276.48,10.5,2095.54,41.12,237,3.2,90.6,5
PID002017,Furniture,Mid-range,340.24,11.5,1877.66,522.21,366,4.5,100,711
PID002018,Grocery,Mid-range,20.02,2.9,3694.9,58.16,163,3.6,87.8,159
PID002019,Sports & Fitness,Mid-range,44.46,23.9,7916,138.91,165,3.9,79.4,511
PID002020,,Mid-range,25.92,35.2,2404.26,33.75,150,4.6,94.3,592
PID002021,Apparel,Budget,10.84,6.3,6705.59,25.4,356,3.2,82,272
PID002022,,Mid-range,236.96,7.9,3103.6,229.71,152,3.8,89.5,296
PID002023,Home & Kitchen,Mid-range,26.09,20.3,2878.45,175.67,360,3.9,88.9,513
PID002024,Beauty & Personal Care,Mid-range,25.34,6.7,4592.87,91.28,169,3,84.4,39
PID002025,Electronics,Budget,136.78,4.7,5051.29,41.12,251,3.6,100,607
PID002026,Grocery,Budget,14.16,46.9,2446.17,56.73,399,2.9,85.4,293
PID002027,Home & Kitchen,Mid-range,39.88,30.4,2973.42,42.63,247,3.8,96.4,369
PID002028,Sports & Fitness,Premium,86.93,2.7,150,19.19,196,4.2,100,72
PID002029,Apparel,Budget,35.91,24.7,2211.72,65.7,275,4.1,72.1,306
PID002030,Sports & Fitness,Mid-range,78.8,40.7,8087.31,40.57,152,4,79.1,530
PID002031,Sports & Fitness,Budget,33.96,16.9,3451.57,72.67,545,3.6,86.2,450
PID002032,Apparel,Premium,75.25,5,6300.84,56.41,96,4.9,85.3,327
PID002033,Toys & Games,Mid-range,41.54,31.2,673.36,29.92,355,3.5,69.4,172
PID002034,Grocery,Mid-range,17.07,5.6,7043.45,23.94,155,3.7,94,306
PID002035,Grocery,Mid-range,4.9,17.6,4547.77,76.25,155,4.1,78.6,248
PID002036,Grocery,Premium,34.63,2.9,7157.13,51.6,113,4.3,90.9,395
PID002037,GROCERY,Mid-range,19.63,25.7,3980.12,98.11,180,3.6,70.1,258
PID002038,Home & Kitchen,Mid-range,51.17,32.3,5724.51,128.28,131,4,90,616
PID002039,Grocery,Mid-range,18.79,7.3,4052.21,85.66,193,4.1,75.7,154
PID002040,Grocery,Mid-range,12.92,25.2,4674.81,58.68,140,3.7,84.1,215
PID002041,Apparel,Budget,25.52,6.4,5751.67,70.46,368,4.1,91,379
PID002042,Grocery,Budget,,48.3,4094.09,15.02,243,3.6,88.6,460
PID002043,Home & Kitchen,Budget,46.27,28.5,3839.85,20.31,533,3.6,95.3,535
PID002044,Apparel,Mid-range,72.72,36.3,2253.17,25.18,206,3.9,84.5,255
PID002045,Beauty & Personal Care,Mid-range,33.33,20.4,3297.78,36.69,245,4.7,96.8,607
PID002046,Grocery,Budget,4.61,48.1,3587.17,75.3,378,3.7,94.8,599
PID002047,Sports & Fitness,Mid-range,73.69,20.5,,104.17,137,4,100,469
PID002048,Electronics,Mid-range,219.93,18,5685.11,41.12,213,3.4,80.9,109
PID002049,Furniture,Budget,120.34,18.5,2980.83,72.45,224,3,94.3,123
PID002050,Home & Kitchen,Premium,86.97,7,9460.01,38.93,171,4.2,88.6,559
PID002051,Apparel,Premium,92.86,4.9,7338.81,18.06,92,4.3,92.3,324
PID002052,Beauty & Personal Care,Mid-range,16.07,15,3079.75,78.77,287,3.8,84.5,350
PID002053,Furniture,Mid-range,354.13,22.2,3920.08,49,366,3.7,70.4,34
PID002054,Apparel,Budget,25.52,40.4,2573.68,74.05,256,4.4,94.8,583
PID002055,Grocery,Budget,13.36,2.7,3566.83,83.89,393,3.3,70.8,126
PID002056,Furniture,Premium,455.68,6.5,3072.66,236.95,153,4.1,100,142
PID002057,Beauty & Personal Care,Budget,31.34,18.2,4932.96,44.75,464,4,100,688
PID002058,Grocery,Budget,8,16.3,3396.9,16.68,598,3.6,87.1,411
PID002059,Toys & Games,Mid-range,19.85,7.7,7134.2,137.72,292,4.1,79.5,477
PID002060,Grocery,Budget,8.11,21.3,4647.54,38.84,590,3.7,93.9,553
PID002061,Furniture,Budget,120.98,15,5331.2,49,402,3.8,98.8,458
PID002062,Home & Kitchen,Mid-range,130.74,36,3932.92,138.1,374,3.4,69.9,426
PID002063,Apparel,Premium,77.33,16.3,1399.45,18.06,60,4.1,75.9,5
PID002064,Home & Kitchen,Mid-range,62.97,10.6,2255.17,71.16,313,3.5,85.4,86
PID002065,Grocery,Budget,11.31,16.8,4687.64,66.96,312,4.2,68.5,346
PID002066,Sports & Fitness,Mid-range,48.78,11.3,1230.14,147.98,323,3.5,88.5,218
PID002067,,Premium,36.23,12.4,9177.34,41.34,85,4.6,100,563
PID002068,Apparel,Mid-range,44.13,23.9,1364.07,71.9,135,3.7,93.2,185
PID002069,Grocery,Mid-range,28.09,5.9,2419.73,135.48,199,3.9,77.9,228
PID002070,Home & Kitchen,Mid-range,64.11,24.7,4533.24,69.28,247,3.6,79.1,272
PID002071,Toys & Games,Premium,36.47,2.3,3680.32,105.24,64,3.4,80.1,5
PID002072,Home & Kitchen,Premium,116.6,6.9,6760.91,54.01,96,4.9,92.6,495
PID002073,sports & fitness,Mid-range,44.02,10.1,5934.6,190.96,224,3.9,100,548
PID002074,Beauty & Personal Care,Premium,66.82,7.5,7666.18,65.44,137,4.6,65.3,406
PID002075,Home & Kitchen,Mid-range,73.72,21.8,1274,20.31,203,4.6,99,359
PID002076,Grocery,Budget,14.8,14.9,3520.59,49.19,258,3.7,73,216
PID002077,Toys & Games,Budget,24.84,3.4,1527.8,19.86,325,4,79.2,42
PID002078,Sports & Fitness,Premium,108.14,11.1,3099.42,147.28,189,4.3,71.2,237
PID002079,Toys & Games,Premium,54.4,18.1,6466.5,52.23,154,4.3,82.5,382
PID002080,Home & Kitchen,Mid-range,72.23,3.1,561.74,80.54,174,3.1,68,5
PID002081,Electronics,Mid-range,180.76,18.5,940.43,270.04,247,3.8,88.2,294
PID002082,Apparel,Mid-range,12.99,26.1,2093.93,78.71,286,4,72.5,294
PID002083,Home & Kitchen,Budget,20.5,13.2,2957.2,122.01,440,3,96.3,384
PID002084,Sports & Fitness,Premium,92.28,6.2,1850.87,202.45,110,4.1,94.2,259
PID002085,Apparel,Mid-range,54.12,29.4,7774.74,18.06,159,4.2,82.6,426
PID002086,Beauty & Personal Care,Mid-range,39.65,21.5,2016.92,132.14,224,4,100,449
PID002087,Home & Kitchen,Premium,169.5,10.4,2924.52,93.3,119,3.7,71.1,5
PID002088,,Mid-range,52.78,9.9,3825.6,53,240,3.9,73.9,225
PID002089,Toys & Games,Mid-range,17.71,32.8,2775.18,46.18,357,4.8,83.3,506
PID002090,Electronic,Premium,334.17,11.2,7188.54,211.32,70,4.7,89.9,501
PID002091,GROCERY,Budget,7.52,5.6,3801.71,61.51,450,3.9,83.5,383
PID002092,apparel,Mid-range,21.04,16.5,7721.8,150.27,133,3.7,67.8,414
PID002093,Beauty & Personal Care,Premium,62.04,15,3217.38,16.15,210,4,87.6,196
PID002094,Sports & Fitness,Mid-range,82.65,4.6,5651.37,78.55,129,4.3,91.6,353
PID002095,Home & Kitchen,Mid-range,75.67,11,2180.04,33.24,372,4.1,87.4,357
PID002096,Furniture,Budget,202.52,23.7,6037.53,49,281,3.2,77.8,286
PID002097,Grocery,Mid-range,6.4,13.6,2648.93,80.06,230,4,85.8,281
PID002098,Apparel,Mid-range,48.83,7.1,3567.01,53.05,151,4,90.1,173
PID002099,Sports & Fitness,Mid-range,39.38,2.4,4090.61,117.51,371,3.8,80.7,274
PID002100,Grocery,Budget,17.72,17.6,924.32,72.01,466,3.6,81.3,215
PID002101,Beauty & Personal Care,Mid-range,28.26,5.6,4386.86,48.91,164,3.6,80,150
PID002102,Sports & Fitness,Mid-range,43.99,7.8,4099.51,148.35,188,4.8,73.3,368
PID002103,Beauty & Personal Care,Budget,10.16,13.6,3376.92,36.3,441,3,82.2,245
PID002104,Electronics,Mid-range,289.65,9,7054.02,272.38,320,4.3,83.7,539
PID002105,Electronics,BUDGET,165.31,21.6,5329.03,135.43,311,3.1,85.8,281
PID002106,,Premium,541.54,6.2,4262.71,264.53,98,4.6,67.3,5
PID002107,Apparel,Premium,64.04,15.6,2976.32,113.03,113,4.6,86.9,278
PID002108,Apparel,Budget,51.96,34.1,2959.63,163.51,224,3.4,82.5,332
PID002109,Sports & Fitness,Mid-range,50.56,7.8,5737.88,50.18,239,3.5,93.1,258
PID002110,Furniture,Budget,255.77,23.9,2442.51,282.9,457,3.6,87,432
PID002111,Electronics,Premium,268.68,21.3,1075.19,41.12,115,4.3,75.9,5
PID002112,Sports & Fitness,Budget,37.01,31.7,3869.54,19.19,529,3.3,59.3,207
PID002113,Home & Kitchen,Budget,70.32,21.3,3199.98,133.28,300,3.6,83.7,300
PID002114,Home & Kitchen,Premium,133.31,1.7,6146.41,20.31,203,4.2,99.8,354
PID002115,Furniture,Mid-range,510.77,7.1,5070.16,243.12,228,3.4,82.6,47
PID002116,Toys & Games,Budget,6.14,9.6,926.23,54.84,531,3,81.3,189
PID002117,Apparel,Premium,73.33,16.6,1715.04,105.71,197,4,85.5,189
PID002118,Home & Kitchen,Mid-range,55.29,14,3832.53,148.32,213,3.8,72.7,329
PID002119,Grocery,Budget,6.29,15.8,4061.48,40.47,261,3.9,70.4,253
PID002120,Furniture,Mid-range,,18.8,6297.71,49,324,,77.4,25
PID002121,Electronics,Premium,364.49,3.5,7494.88,370.99,114,4.1,72.5,312
PID002122,Apparel,Mid-range,49.46,15.6,5636.72,74.35,145,3.8,71.5,242
PID002123,Beauty & Personal Care,Budget,13.52,36,5036.43,43.56,362,3.9,87.9,638
PID002124,GROCERY,Budget,4.4,24.5,2745.38,25.59,454,3.8,100,569
PID002125,Apparel,Premium,85.47,15.2,5136.7,147.71,149,4.2,76.9,253
PID002126,Beauty & Personal Care,Budget,12.17,40.7,3753.23,16.15,506,3.3,72.6,507
PID002127,Grocery,Budget,13.56,11.7,3554.35,38.16,558,,,223
PID002128,Home & Kitchen,Mid-range,78.37,24.7,3299.03,57.7,244,2.5,71.7,13
PID002129,Grocery,Budget,15.15,10.7,2355.87,23.19,234,4.5,93.4,280
PID002130,Apparel,Premium,73.58,4.8,6539.68,142.66,189,4.4,86.1,456
PID002131,Grocery,Budget,12.33,14.7,5390.45,30.48,554,4.1,,539
PID002132,Beauty & Personal Care,Mid-range,51.37,10.3,4115.85,40.77,128,4.1,71.6,118
PID002133,Apparel,Premium,47.46,2.3,7141.61,75.34,104,4.6,83.3,353
PID002134,Beauty & Personal Care,Mid-range,44.69,13.2,6343.48,153.38,341,3.6,94.7,568
PID002135,Furniture,Premium,551.3,4.4,5190,456.48,208,,97.9,267
PID002136,Grocery,Budget,13.49,19.6,6650.26,53.47,510,3.4,86.4,497
PID002137,Beauty & Personal Care,Budget,18.19,29.9,3088.25,101.08,258,3.5,71.7,364
PID002138,Grocery,Budget,7.51,10.6,6662.76,15.02,408,3.1,98.8,371
PID002139,Electronics,Mid-range,274.15,13.3,4165.69,139.28,221,4.5,81.7,265
PID002140,,Budget,9.82,4.2,3709.58,56.22,282,3.5,74.1,150
PID002141,Sports & Fitness,Budget,32.05,25.4,2268.43,71.45,226,3.3,63.5,5
PID002142,Electronics,Premium,491.78,14.5,6533.07,41.12,102,4.5,82.8,82
PID002143,ELECTRONICS,Premium,-76.42,1.1,150,81.75,127,3.7,83.2,5
PID002144,Toys & Games,Budget,16.98,22.9,4516.84,117.01,503,3.1,,450
PID002145,Apparel,Mid-range,65.63,5.2,3841.3,75.52,342,3.5,100,314
PID002146,Beauty & Personal Care,Mid-range,11.52,,,109.41,240,3.8,78.3,553
PID002147,Apparel,Mid-range,51.39,13.6,2045.34,33.78,292,3.8,91.9,219
PID002148,Electronics,Mid-range,243.7,7.1,3340.27,79.65,341,3.9,81.1,225
PID002149,Home and Kitchen,Budget,23.45,40.4,2895.94,140.91,449,3.4,95.1,592
PID002150,Electronics,Mid-range,299.62,38.7,2135.53,235.82,279,3.7,100,516
PID002151,Apparel,Premium,93.23,3,3909.92,18.06,63,3.9,86.8,24
PID002152,Grocery,Budget,9.36,32.4,6870.34,15.02,514,4.5,80.7,782
PID002153,Grocery,Budget,14.53,19.2,7058.3,30.88,335,3.9,97.3,598
PID002154,Sports & Fitness,Mid-range,69.43,10.5,2644.52,94.15,269,2.9,82.3,86
PID002155,Grocery,Budget,12.39,11.2,6309.28,59.68,563,3.7,94.1,610
PID002156,Grocery,Budget,9.06,18.6,3709.48,48.86,287,3.3,73.6,88
PID002157,Electronics,Budget,109.85,15.8,5337.35,95.8,477,3.8,78.6,496
PID002158,Apparel,Mid-range,63.71,,4014.6,83.4,272,3.6,95.4,427
PID002159,Toys & Games,Budget,8.34,25.7,7370.08,105.26,356,3.5,,515
PID002160,,Premium,49.83,13.5,2390.75,238.29,113,3.9,96.6,377
PID002161,Electronics,Premium,457.32,1.7,4010.65,309.58,97,,88.2,176
PID002162,Grocery,Mid-range,12.77,12.2,3145.27,76.44,236,3.9,81.6,235
PID002163,Home & Kitchen,Mid-range,76.06,19.6,7669.62,45.45,227,4.1,95.7,497
PID002164,Sports & Fitness,Mid-range,61.26,10.3,5092.97,19.19,335,4.3,82.9,370
PID002165,Beauty & Personal Care,Budget,7.88,4.4,2466.45,118.39,309,3.9,77.1,210
PID002166,Apparel,Mid-range,52.49,5.9,2952.51,41.03,302,3.5,90.2,141
PID002167,Sports & Fitness,,90.18,8,1405.3,119.56,209,4.3,66.4,5
PID002168,Toys & Games,Mid-range,26.85,13.2,150,75.07,355,3.8,77.7,164
PID002169,Grocery,Budget,18.19,23.1,2430.1,39.41,353,3.6,93.1,379
PID002170,Home & Kitchen,Budget,50.21,38.3,7521.17,179.84,521,3.4,75.6,836
PID002171,Home & Kitchen,Budget,38.3,41.2,2616.21,52.72,221,3.9,89,414
PID002172,Toys & Games,Mid-range,54.07,9.1,4001.64,22.84,315,4.3,89.8,237
PID002173,Electronics,Mid-range,197.21,7,5937.06,141.05,353,3.7,80.2,324
PID002174,Electronics,Premium,326.87,11.6,4485.52,41.12,92,5,87.3,271
PID002175,Beauty & Personal Care,Budget,,39.4,2170.09,16.15,534,3.1,66.7,386
PID002176,Toys & Games,Budget,24.6,9.7,3838.05,86.78,443,3,86,196
PID002177,Sports & Fitness,Mid-range,41.13,28.4,1740.72,19.19,315,3.6,100,311
PID002178,Grocery,Mid-range,11.28,7.7,6501.91,15.02,308,3.8,,418
PID002179,Grocery,Mid-range,22.36,17.5,5061.65,84.55,172,3.8,77,237
PID002180,Sports & Fitness,Budget,33.55,20.6,3995.14,64.99,521,3.2,93.7,419
PID002181,Furniture,Premium,498.36,9.4,5162.09,152.06,159,3.5,80.8,40
PID002182,Beauty & Personal Care,Premium,40.86,4.4,4803.17,26.17,111,4.4,83.8,293
PID002183,Grocery,Budget,12.78,2,5901.25,57.67,418,3.4,78.3,222
PID002184,,Budget,14.06,19.6,3674.88,103.79,443,3.1,88.1,473
PID002185,Electronics,Mid-range,231.83,11.8,5280.02,,288,4.2,72.2,201
PID002186,Home & Kitchen,Mid-range,,16.6,5107.33,69.7,275,4,81.8,392
PID002187,Beauty & Personal Care,Mid-range,26.65,12.5,2482,46.06,144,3.2,75.5,5
PID002188,Apparel,Budget,43.65,24.7,2739.32,98,300,3.9,86.6,351
PID002189,Toys & Games,Premium,48.85,6.6,4008.64,62,202,3.9,89.8,294
PID002190,Apparel,Mid-range,34.6,5.4,6683.82,115.81,255,3.7,79.4,398
PID002191,Groceries,Budget,12.05,3.9,3319.77,61.73,555,3.9,84.9,382
PID002192,Beauty & Personal Care,Budget,23.96,31.3,150,68.82,485,2.8,79.7,109
PID002193,Sports & Fitness,Mid-range,55.85,22.4,6259.74,53.84,188,4,93.1,453
PID002194,Furniture,Budget,154.57,26.4,2550.52,232.31,384,2.9,74.9,244
PID002195,Sports & Fitness,Mid-range,57.01,3.9,6808.45,94.47,151,4,85.4,346
PID002196,Sports & Fitness,Premium,60.94,3.8,7254.3,102.27,118,4.1,94.1,440
PID002197,Apparel,Budget,31.21,24.6,4595.11,49.82,556,3.8,78.5,537
PID002198,Grocery,Budget,3.85,33.1,2318.01,24.34,560,3.6,85.5,404
PID002199,ELECTRONICS,Premium,325.6,2.3,4900.5,117.27,165,4.4,87.5,193
PID002200,Electronics,Budget,167.82,24.4,604.95,,448,3.4,84.6,334
PID002201,Home & Kitchen,Budget,57.79,15.5,2510.74,103.57,518,2.9,85,258
PID002202,Apparel,Premium,59.92,5.4,6816.41,124.15,136,4.3,76.6,314
PID002203,Home & Kitchen,Budget,26.39,17,2797.5,96.49,572,4.1,69.4,443
PID002204,Home & Kitchen,Mid-range,58.65,11.3,4844.88,218.68,365,3.7,84,496
PID002205,Beauty & Personal Care,Mid-range,14.86,18.3,2984.91,16.15,221,4,90.9,252
PID002206,Beauty & Personal Care,Mid-range,27.17,9.2,4751.49,67.56,266,3.9,81.6,312
PID002207,Apparel,Mid-range,,2.2,,18.06,332,3.3,74.8,153
PID002208,Beauty & Personal Care,Premium,39.06,16.7,1861.98,44.94,65,4.6,81.5,232
PID002209,Grocery,,14.23,7.6,2289.77,88.38,476,3.5,74.3,278
PID002210,Beauty & Personal Care,Budget,28.95,22.4,5062.72,40.36,522,3.6,87.9,617
PID002211,Sports & Fitness,Budget,40.75,14.4,2847.78,132.57,386,3.5,76,221
PID002212,Home & Kitchen,Mid-range,61.95,20.8,2643.09,106.32,232,4.6,85.8,454
PID002213,Toys & Games,Premium,28.37,7.4,2729.88,88.31,119,,78.8,151
PID002214,Beauty & Personal Care,Premium,42.94,15.1,7916.18,121.59,162,4,87.5,615
PID002215,Home & Kitchen,Premium,109.39,0.7,9805.25,170.42,158,4.4,93.3,684
PID002216,Toys & Games,Budget,13.67,34.6,628.3,111.11,340,3,100,266
PID002217,Home & Kitchen,Budget,61.26,39.9,,62.89,386,3.8,72.8,445
PID002218,Toys & Games,Premium,27.87,6.3,8940,85.11,118,4.2,82.8,382
PID002219,Electronics,Premium,651.04,6.5,5700.1,237.95,63,4.4,80.5,22
PID002220,,Budget,237.18,6.8,2694.06,49,264,4,100,262
PID002221,Beauty & Personal Care,Mid-range,16.73,18.6,3258.43,62.43,334,3.5,86.7,299
PID002222,Apparel,Premium,51.99,5.9,150,154.65,173,4.5,73.3,130
PID002223,Beauty & Personal Care,Premium,16.33,7.4,6225.93,104.39,115,4.2,77.3,314
PID002224,Electronics,Budgett,182.25,12.2,,41.12,270,4,90.5,167
PID002225,Grocery,Budget,3.43,27.5,5164.59,,431,3.7,94.4,553
PID002226,Electronics,Mid-range,233.62,13.4,150,115.13,126,3.8,94.6,5
PID002227,Home & Kitchen,Budget,,15.2,1525.03,25.59,503,3.1,79.9,105
PID002228,Beauty & Personal Care,Premium,32.86,4.2,4110.46,93.82,144,4.4,80.2,344
PID002229,Toys & Games,Budget,15.73,18.8,2495.2,119.61,459,3.5,94.5,422
PID002230,Apparel,Premium,67.83,7.4,7620.2,18.06,140,3.6,96.2,324
PID002231,Electronics,Budget,182.18,15.7,5149.66,88.58,319,3.9,86.7,440
PID002232,Beauty & Personal Care,premium,54.68,5,,99.12,137,4,84.3,355
PID002233,Home & Kitchen,Premium,141.47,4.8,5952.87,,206,4.2,123.5,250
PID002234,Furniture,,,5.7,4039.02,49,84,4.5,74.9,5
PID002235,Electronics,Budget,168.57,21.5,2437.01,41.12,512,3.5,92.1,312
PID002236,Furniture,Budget,213.2,13.6,3022.62,328.54,430,3.3,90.9,413
PID002237,Furniture,Mid-range,291.6,21,4999.31,197.07,202,4.1,72.6,263
PID002238,Apparel,MID-RANGE,54.41,6.4,5002.33,133.05,356,3.4,100,336
PID002239,Beauty & Personal Care,Mid-range,41.15,13.6,2820,103.54,354,3.9,82,404
PID002240,Electronics,Mid-range,247.85,30,827.85,329.96,205,3,78.4,62
PID002241,Home & Kitchen,Mid-range,32.68,13.3,6645.95,112.38,283,4.1,97.7,592
PID002242,Electronics,Budget,330.31,6.1,735.14,41.12,383,3.9,86.6,36
PID002243,Electronics,Mid-range,233.82,13,2813.79,134.66,147,3.7,80.8,5
PID002244,Grocery,Budget,13.98,56.8,2508.77,28.8,403,3.3,80.3,463
PID002245,Sports & Fitness,Budget,54.79,21.9,2397.31,153.91,292,3.8,85.5,319
PID002246,Toys & Games,Mid-range,35.28,8.2,5620.72,32.93,283,3.5,74.4,193
PID002247,Toys & Games,Premium,43.94,0.7,5555.23,74.61,178,4,100,323
PID002248,Furniture,Mid-range,303.26,2.2,4289.69,283.49,235,3.7,86.3,290
PID002249,Home & Kitchen,Mid-range,75.19,0.4,3467.54,79.42,188,3.7,78.1,15
PID002250,Electronics,Mid-range,176.71,2.1,3924.82,340.61,204,4,82,407
PID002251,Toys & Games,Mid-range,33.93,25.3,5492.18,87.54,125,4.5,95.9,482
PID002252,Apparel,Budget,19.58,53.7,3329.34,77.26,299,3.8,76.9,508
PID002253,Home & Kitchen,Mid-range,117.7,15.5,2817.34,24.57,366,3.5,82.6,206
PID002254,Furniture,Mid-range,169.24,11.1,4309.25,276.81,262,4.3,90.4,580
PID002255,Sports & Fitness,Mid-range,26.22,28.3,4595.91,87.13,274,3.4,77.3,342
PID002256,Sports & Fitness,Budget,41.2,9.4,3822.74,19.19,391,3.2,62.7,76
PID002257,Beauty & Personal Care,Budget,13.22,24.8,3978.04,68.23,366,4.2,80.8,634
PID002258,Home & Kitchen,Premium,127.89,2.7,4559.38,97.87,174,3.6,87.8,94
PID002259,Home & Kitchen,Budget,35.03,23.2,3170.69,85.93,499,4.4,,613
PID002260,Apparel,Premium,108.84,15.9,3677.82,54.68,123,4.1,,226
PID002261,Furniture,Budget,133.51,18.7,2467.64,49,332,3.3,80.9,147
PID002262,Sports & Fitness,Mid-range,19.16,3.2,3407.65,38.32,260,4.4,87.5,279
PID002263,Home & Kitchen,Premium,94.92,2.6,5695.96,51.67,101,5,95.5,429
PID002264,Home & Kitchen,Mid-range,33.59,31.9,3424.91,20.31,231,3.1,83.8,196
PID002265,Apparel,Budget,10.26,14.3,4252.77,67.2,286,3.2,84.5,220
PID002266,,Mid-range,62.84,13.8,5110.37,79.19,261,3.7,82.1,263
PID002267,Electronics,Mid-range,190.13,5.6,7061.26,103.97,370,4.1,80,423
PID002268,,Budget,3.63,19.3,4444.72,168.42,246,3.6,75.6,385
PID002269,Beauty & Personal Care,Budget,14.99,35.2,4967.96,63.16,490,3.7,81.5,693
PID002270,Grocery,Budget,12.91,2.4,2465.28,77.35,377,3.4,77.7,89
PID002271,Electronics,Budget,146.31,,440.59,155.63,575,3.4,84.6,237
PID002272,Grocery,Budget,19.84,16,823.39,99.36,225,3.5,64.2,86
PID002273,Sports & Fitness,Budget,,16,4352.97,90.42,576,3.6,73,359
PID002274,Electronics,Mid-range,270.43,25.1,,292.05,208,4,77,266
PID002275,Apparel,Mid-range,38.44,6.5,6041,47.48,184,4.1,90.4,344
PID002276,Home & Kitchen,Premium,37.44,130.7,7565.71,33.73,159,4.5,64,403
PID002277,Grocery,Mid-range,29.54,10.9,4086.45,73.17,221,3.9,80.9,176
PID002278,Electronics,Mid-range,292.72,23.2,6740.68,141.8,187,3.3,87,277
PID002279,,Mid-range,37.15,9.7,2265.1,81.45,300,4.1,62,189
PID002280,Home & Kitchen,Budget,38.92,47.6,3172.45,170.28,262,2.9,81.5,505
PID002281,Furniture,Budget,218.48,23.5,974.97,243.39,433,4.3,77.7,454
PID002282,Apparel,Mid-range,57.6,25.3,2364.93,38.33,157,3.7,98.6,193
PID002283,Electronics,Premium,438.59,5,5080.26,131.49,121,4.5,90.9,149
PID002284,Furniture,Mid-range,373.05,5.3,6619.18,179.42,153,4.5,91.4,374
PID002285,Home & Kitchen,Mid-range,94.64,2.8,3988.17,39.63,161,4.1,87.4,185
PID002286,Grocery,Mid-range,16.05,4.5,6786.69,80.32,366,3.5,95.2,389
PID002287,Beauty & Personal Care,Mid-range,34.13,14.8,3684,20.1,318,,88.6,492
PID002288,Apparel,Budget,31.8,3.7,4169.32,86.83,301,3.9,100,343
PID002289,Beauty & Personal Care,Premium,43.26,5.6,8147.53,66.62,163,4.9,67.8,461
PID002290,Apparel,,34.04,32.6,3589.26,46.52,530,3.8,95.7,596
PID002291,Apparel,Mid-range,32.45,17.1,5702.14,134.74,357,3.9,84.9,483
PID002292,Electronics,Premium,467.71,5.2,2322.1,137.22,111,3.5,86.1,5
PID002293,Grocery,Mid-range,,12.3,3002.24,39.57,298,4.3,99,332
PID002294,Apparel,Mid-range,38.27,8.5,1531.88,60.26,259,2.9,73.1,5
PID002295,Toys & Games,Premium,51.18,21.2,8305.43,16.6,112,4.3,74,376
PID002296,Electronics,Mid-range,117.35,9.7,6921.69,297.59,120,3.6,82.7,513
PID002297,Furniture,Mid-range,235.43,8.3,2548.3,49,218,3.9,88.9,57
PID002298,Sports & Fitness,Mid-range,18.62,19.9,4756.3,120.32,182,3.9,68.3,349
PID002299,Furniture,Mid-range,327.96,25.7,6293.79,161.77,173,4,99.2,456
PID002300,Furniture,Budget,199.48,27.8,2920.09,49,553,3.3,89,355
PID002301,Sports & Fitness,Premium,93.87,8.3,526.86,152.89,183,4.2,74.5,68
PID002302,Furniture,Mid-range,215.47,8.4,4204.27,,329,4.1,,541
PID002303,Electronics,Mid-range,86.9,26.1,2384.45,273.76,307,4.1,72.1,445
PID002304,Toys & Games,Budget,26.01,28.5,4374.96,148.61,425,2.7,66.3,262
PID002305,Electronics,Mid-range,312.79,21.6,3615.5,215.89,285,,,510
PID002306,Furniture,Premium,501.32,7.9,6712.4,103.1,68,3.8,83.2,5
PID002307,Furniture,Mid-range,393,34.1,2811.82,49,361,4.1,76.2,170
PID002308,Grocery,Premium,17.48,5.9,5868.04,90.61,84,3.8,97.9,301
PID002309,Home & Kitchen,Mid-range,24.37,11.3,1822.8,71.7,331,3.7,100,301
PID002310,Grocery,Budget,20.17,6.3,5895.39,73.31,595,,84.3,519
PID002311,Sports & Fitness,Mid-range,49.3,18.1,4476.25,19.19,277,3.9,92.4,351
PID002312,Beauty & Personal Care,Mid-range,,14.4,3495.06,55.7,144,3.7,100,253
PID002313,Toys & Games,Budget,14.38,9.5,4428.56,96.06,372,3.4,93.5,313
PID002314,Furniture,Premium,421.55,4.1,5350.85,321.22,109,4.2,82.5,317
PID002315,Furniture,Mid-range,374.42,4.9,4342.6,49,198,4,70.9,5
PID002316,Toys & Games,Budget,27.42,22.9,4267.51,126.08,600,3.8,99.1,610
PID002317,Sports & Fitness,Mid-range,67.01,7.9,3715.36,35.64,223,3.2,119.6,5
PID002318,Toys & Games,Budget,25.42,15.1,1290.32,139.13,457,3.3,77.7,176
PID002319,Toys & Games,Mid-range,15.49,13.9,,55.21,124,3.8,91.5,286
PID002320,Toys & Games,Mid-range,13.9,5.4,3174.88,172.43,322,3.6,87.1,297
PID002321,Home & Kitchen,Mid-range,90.8,37.1,6196.4,159.2,180,4.2,96.3,781
PID002322,Toys & Games,Mid-range,30.13,20.9,3285.53,26.9,302,4.6,88.5,430
PID002323,Electronics,Premium,272.7,6.4,3130.2,158.96,102,4.5,,204
PID002324,Grocery,Budget,11.79,24.4,4352.6,25.4,350,4.1,87.4,413
PID002325,Toys & Games,Budget,26.92,12.7,5462.67,109.65,232,3.8,84.4,362
PID002326,Electronics,Budget,155.09,8.4,4007.93,41.12,,3.8,100,311
PID002327,Grocery,Budget,10.33,23.6,2362.4,48.46,259,2.7,76.7,66
PID002328,Electronics,Mid-range,220.92,11.7,4483.63,199.55,310,3.4,99.6,433
PID002329,Toys & Games,Mid-range,45.33,12.5,4899.57,78.54,233,3.3,85.9,180
PID002330,Sports & Fitness,Mid-range,,35.8,2601.3,46.78,315,3.8,95.2,521
PID002331,Toys & Games,Premium,54.08,12.8,7270.81,16.6,199,4.1,82.8,366
PID002332,Toys & Games,Mid-range,45.71,30.4,2694.9,108.11,266,3.5,83,304
PID002333,electronics,Mid-range,252.24,22.4,1942.22,335.6,145,4.1,86.6,374
PID002334,Electronics,Mid-range,264.2,34.7,4063.19,97.63,281,4.1,91.7,501
PID002335,Beauty & Personal Care,Mid-range,29.93,5.7,5803.31,128.23,358,3.8,84.8,494
PID002336,Sports & Fitness,Mid-range,72.13,12.3,5338.38,84.01,269,4,68.4,265
PID002337,Home & Kitchen,Mid-range,108.96,14,4365.69,114.66,147,3.7,78.7,218
PID002338,Electronics,Premium,222.76,7.5,5285,87.48,155,4.9,84.9,324
PID002339,Electronics,Mid-range,217.98,11.1,3311.11,95.61,222,3.8,93,222
PID002340,Electronics,Mid-range,298.24,8.6,6294.37,251.39,345,4,87.4,566
PID002341,Toys & Games,Budget,24.03,23.7,1633.9,44.28,404,3.9,86.4,297
PID002342,Electronics,Mid-range,225.14,9.4,6910.37,393.19,216,3.7,84.5,601
PID002343,Sports & Fitness,Mid-range,50.68,23.4,3141.69,19.19,194,3.5,91.5,183
PID002344,Beauty & Personal Care,Budget,11.96,13.7,5273.45,93.07,354,3.7,89.9,575
PID002345,Beauty & Personal Care,Mid-range,11.64,8.6,2230.82,55.73,147,3.5,77.9,12
PID002346,Furnitures,Budget,298.08,29.5,1739.29,74.95,527,3.6,87.8,253
PID002347,Home & Kitchen,Mid-range,96.81,16.4,2093.25,136.38,121,3.5,100,237
PID002348,Electronics,Premium,467.61,2.4,8593.86,206.52,91,4.5,90.4,371
PID002349,Apparel,Budget,20.92,12.2,1611.45,119.4,265,3.4,85.5,118
PID002350,Electronics,Mid-range,219.47,17.1,3315.4,64.42,195,4.1,87,86
PID002351,Apparel,Premium,27.31,15,1626.36,92.03,156,4.1,100,281
PID002352,Sports & Fitness,Mid-range,28.56,3.1,5057.01,29.3,320,3.9,79,273
PID002353,Furniture,Mid-range,391.22,12.9,3355.04,142.15,290,4.1,95.8,241
PID002354,Furniture,Budget,214.39,15.4,2682.26,165.02,504,4.5,70,463
PID002355,Apparel,Budget,11.51,,1955.43,18.06,327,3.7,82.9,142
PID002356,Apparel,Budget,23.97,15.5,3255.41,67.1,248,3.2,71.3,184
PID002357,Beauty & Personal Care,budget,16.42,20.2,2604.74,16.15,480,2.9,85.8,194
PID002358,Home & Kitchen,Mid-range,39.53,18.5,3028.69,72.36,356,4.3,69.1,346
PID002359,Toys & Games,Budget,18.3,17.7,,19.13,234,3.6,76.1,210
PID002360,Electronics,Mid-range,256.4,7.3,2316.83,41.12,275,3.7,80.2,37
PID002361,Beauty & Personal Care,Mid-range,14.44,14.6,8230.6,74.23,130,3,88.9,358
PID002362,Apparel,Mid-range,27.67,17.1,2892.85,104.63,156,3.4,77.7,103
PID002363,Apparel,Budget,29.8,33.3,3272.71,93.26,244,3.4,82.6,265
PID002364,Beauty & Personal Care,Premium,43.2,6.2,8689.55,64.59,176,6.5,100,527
PID002365,GROCERY,Budget,20.35,21.6,3376.23,36.99,,3.1,81.5,259
PID002366,Home & Kitchen,Mid-range,68.79,2.6,3638.18,74.77,237,3.1,83.6,5
PID002367,Toys & Games,Budget,18.45,9.8,2736.12,58.76,395,4,100,397
PID002368,Toys & Games,Budget,33.05,26.4,1321.17,16.6,375,3.5,82.5,142
PID002369,Grocery,Budget,,5.6,5654.12,39.67,461,3.4,98.7,434
PID002370,Apparel,Mid-range,57.54,20.5,5721.14,91.06,299,3,75.1,121
PID002371,Grocery,Premium,29.79,8.3,4811.39,66.35,129,4.1,93.3,342
PID002372,Electronics,Budget,147.01,17.9,3146.94,41.12,583,3.4,93.4,307
PID002373,Home & Kitchen,Budget,41.65,19.8,4177.4,67.85,571,3.3,91.5,507
PID002374,Toys & Games,Budget,21.36,5.4,150,88.87,289,2.9,87.3,5
PID002375,Toys & Games,Mid-range,44.4,4.4,3810.28,85.89,153,3,77.3,13
PID002376,Electronics,Budget,102.31,15.3,2475.52,180.96,561,3.5,83.8,435
PID002377,Beauty & Personal Care,Budget,11.72,39.9,5827.39,97.55,233,3.7,80.3,710
PID002378,,Mid-range,464.81,4,5432.61,41.12,161,3.8,90.5,5
PID003775,Toys & Games,Mid-range,32.14,22.7,8814.82,69.21,373,3.8,91.9,660
PID002380,Toys & Games,Premium,74.8,,3705.64,117.37,157,5,82.9,285
PID002381,Electronics,Mid-range,371.94,14,,431.36,279,4.4,87.1,674
PID002382,Beauty & Personal Care,Mid-range,31.52,25.2,5656.28,88.01,248,4.3,76.9,591
PID002383,Apparel,Premium,105.9,21.3,3694.06,18.06,209,4.5,,210
PID002384,Electronics,Mid-range,237.85,22.4,4661.41,41.12,147,4.2,98,300
PID002385,Apparel,Mid-range,52.21,23.6,3361.37,105.82,,3.7,,247
PID002386,Electronics,Mid-range,242.82,10.9,4284.46,170.48,222,4.4,94.7,381
PID002387,Furniture,Premium,489.75,5.8,6236.09,49.28,213,4.1,88.8,37
PID002388,Home & Kitchen,Mid-range,88.62,40.4,6811.21,29.46,334,3.9,87.8,606
PID002389,Home & Kitchen,Budget,39.21,28.2,6051.95,72.72,444,3.3,70.8,431
PID002390,Furniture,Mid-range,225.87,34.3,3885.9,166.14,209,4.6,81.3,488
PID002391,Electronics,Premium,446.03,9.4,4318.65,198.62,124,4.2,81.1,111
PID002392,Beauty & Personal Care,Mid-range,33.44,15.1,4182.62,16.15,242,3.4,100,258
PID002393,Grocery,Budget,16.94,2.3,3357.24,24.83,226,3.7,83.5,86
PID002394,Home & Kitchen,Mid-range,76.28,7.7,3296.56,99.14,249,3.4,93.2,99
PID002395,Home & Kitchen,Budget,,13.9,3856.23,88.84,250,4,100,467
PID002396,Furniture,Premium,617.3,11.4,7449.31,166.56,199,4.3,81.7,179
PID002397,Electronics,Premium,315.18,6.2,5979.52,62.45,116,4.4,72,76
PID002398,Apparel,Mid-range,52.08,19.9,2469.05,18.06,132,4.2,100,268
PID002399,Beauty & Personal Care,Mid-range,21.51,11.6,3624.51,67.56,267,3.9,82,303
PID002400,Apparel,Budget,20.32,36.4,4764.54,59.94,585,2.7,79.7,393
PID002401,Toys & Games,Mid-range,24.22,21.3,7141.14,107.11,239,,100,665
PID002402,Home & Kitchen,Premium,108.76,3.8,5977.85,155.17,213,4.3,72.6,368
PID002403,Sports & Fitness,Premium,93.26,4,1922.79,19.19,108,3.1,87.8,5
PID002404,Electronics,Premium,296.45,19,4070,390.37,156,3.8,68.9,262
PID002405,Furniture,Mid-range,448.46,2.6,3481.93,117.78,227,4,72,5
PID002406,Beauty & Personal Care,Premium,45.7,8.9,7265.15,119.5,100,5,77.6,529
PID002407,Apparel,Budget,32.34,22.1,2084.85,79.53,298,3.1,90.2,176
PID002408,Home & Kitchen,Budget,20.59,18.1,4966.98,97.08,522,2.3,100,332
PID002409,Apparel,Budget,28.09,14.1,4724.98,98.05,360,3.8,78.6,421
PID002410,Furniture,Mid-range,191.49,23.4,4860.5,405.51,263,3.8,81.2,656
PID002411,,Premium,61.59,10.8,7431.67,61.05,65,3.5,79.4,219
PID002412,Furniture,Premium,563.39,9,6778.4,49,108,4.4,88.5,30
PID002413,Apparel,Budget,21.2,23.3,,71.32,511,3.4,88.2,379
PID002414,Toys & Games,Mid-range,43.61,34.7,2314.94,,298,3.7,83.9,351
PID002415,Apparel,Mid-range,42.03,21.4,3808.66,103.47,253,4.1,77,371
PID002416,Home & Kitchen,Premium,59.92,,,20.31,124,4.8,88.5,302
PID002417,Furniture,Premium,554.34,7.6,7487.47,211.52,146,4.4,76.8,226
PID002418,Furniture,Mid-range,471.35,16,,137.86,249,3.9,78.3,59
PID002419,Beauty & Personal Care,Budget,26.65,8.3,5117.71,115.32,365,3.1,100,454
PID002420,Beauty & Personal Care,Budget,13.29,48.6,1299.99,16.15,419,2.7,80.9,264
PID002421,Sports & Fitness,Budget,33.19,39.9,4312.84,121.01,298,4,95.6,625
PID002422,Apparel,Budget,30.74,19.2,3553.53,,524,3.5,95.5,473
PID002423,Electronics,Premium,353.84,5,5972.85,248.14,,4.9,98.2,522
PID002424,Sports & Fitness,,108.65,,8072.5,76.59,170,4.2,72.5,389
PID002425,Apparel,Budget,30.52,29.9,3065.65,127.88,236,3.6,80.7,241
PID002426,Home & Kitchen,Budget,29.83,15.1,5033.12,119.87,432,3.6,80.6,478
PID002427,Furniture,Budget,,3.1,1181.86,277.36,229,3,75,5
PID002428,Home & Kitchen,Mid-range,80.79,30.6,2377.81,28.31,136,3.4,74.2,49
PID002429,Home & Kitchen,Mid-range,90.06,16.4,2073.03,46.09,313,3.7,60.3,41
PID002430,Toys & Games,Mid-range,28.25,8.3,1062.02,32.47,312,3.8,76.7,87
PID002431,Grocery,Mid-range,19.49,2.9,189.03,110.9,359,3.6,87.4,153
PID002432,Home & Kitchen,Mid-range,21.48,22.9,4943.23,177.53,246,3.7,82.1,520
PID002433,Electronics,budget,146.65,8.2,4225.97,235.84,564,4.1,85.6,649
PID002434,Electronics,Mid-range,408.82,3.5,6884.58,178.43,140,,91.2,239
PID002435,Electronics,Premium,368.9,1.5,2993.17,41.12,194,4.2,76.5,5
PID002436,Electronics,Premium,288.89,6.6,6409.4,144.71,216,4.2,91,415
PID002437,,Budget,13.1,7,2136.72,30.56,578,3.5,100,384
PID002438,Sports & Fitness,Mid-range,82.95,5,3025.53,154.79,197,4.4,85.2,308
PID002439,Apparel,,37.56,44,4629.5,60.63,485,3.1,57.3,273
PID002440,Home & Kitchen,,75.94,28.9,6445.64,20.31,130,3.8,71.4,284
PID002441,Home & Kitchen,Premium,38.37,10.7,7333.12,132.45,158,3.9,94.1,494
PID002442,Toys & Games,Premium,47.18,4.6,6151.55,87.56,140,4.7,77.6,316
PID002443,,Premium,53.13,6.3,7888.84,118.91,81,4.4,82.5,437
PID002444,Grocery,Budget,13.58,38.2,3631.11,44.9,265,3.9,81.2,371
PID002445,Sports & Fitness,Mid-range,49.46,11.7,2315.82,127.71,378,4.5,80.7,452
PID002446,Apparel,Budget,40.48,31.5,2024.62,100.9,565,3.2,88.5,436
PID002447,Sports & Fitness,Premium,125.36,4.6,5518.37,153.76,195,4.4,90.2,318
PID002448,Apparel,Mid-range,51.12,1.3,4810.74,24.99,225,4,100,260
PID002449,Home & Kitchen,Mid-range,94.22,15.8,3748.07,128.77,274,4.2,89.6,432
PID002450,Sports & Fitness,Mid-range,21.51,12.2,3427.56,76.18,378,3.9,80.3,385
PID002451,Toys & Games,Budget,27.34,44.9,4097.8,44.42,566,4.7,79.1,701
PID002452,Electronics,Mid-range,207.27,36.6,3641.91,117.41,333,4.2,80.5,551
PID002453,Beauty & Personal Care,Budget,17.42,31.4,3591.83,22.67,265,3,,256
PID002454,Sports & Fitness,Premium,48.58,14.9,9374.91,99.37,208,4.4,74.7,546
PID002455,Sports & Fitness,Premium,86.92,15.9,6317.54,55.82,73,3.9,94.6,254
PID002456,Sports & Fitness,Budget,48.08,23.8,318.87,41.2,303,,82.4,197
PID002457,Electronics,Premium,459.12,11.1,,354.31,150,4.3,72.5,463
PID002458,Grocery,Premium,42.48,6.4,7193.45,83.03,198,3.7,71.2,229
PID002459,Beauty & Personal Care,Premium,40.06,6.9,6903.78,62.73,121,,99.6,516
PID002460,Beauty & Personal Care,Budget,18.62,29.4,6097.21,107.52,592,3.1,63.8,500
PID002461,Electronics,Premium,551.85,9,5745.65,181.58,149,3.8,89.3,88
PID002462,Electronics,Premium,474.38,6.6,8292.35,256.63,173,4.2,88.1,381
PID002463,Apparel,Budget,36.4,17,3863.99,145.88,342,4.1,97.7,570
PID002464,Home & Kitchen,Mid-range,133.28,44.8,3155.8,92.12,212,4.5,93.9,557
PID002465,Sports & Fitness,Budget,21.61,11.6,3707.14,100.89,462,3.9,90.7,488
PID002466,Furniture,Premium,564.82,6.5,3826.53,114.22,140,4.6,90.7,89
PID002467,Grocery,Budget,6.3,25.4,2558.96,88.19,245,3.5,77.3,136
PID002468,Beauty & Personal Care,Premium,41.95,2.4,7004.73,84.46,131,3.8,67.5,218
PID002469,Furniture,Budget,211.78,27.8,4299.61,56.35,368,3.2,100,299
PID002470,Grocery,Mid-range,10.93,1.9,2883.98,55.93,332,3.9,89.7,204
PID002471,Apparel,Premium,107.31,1.5,3293.22,73.43,74,4.4,73.2,89
PID002472,Grocery,Budget,20.5,24.6,2741.15,57.97,530,4.2,93.1,595
PID002473,Apparel,Mid-range,46.07,22.3,4464.68,82.42,326,4.1,74.2,432
PID002474,Electronics,Mid-range,426.58,6.4,4905.99,121.96,270,3.5,89.6,73
PID002475,Beauty & Personal Care,Mid-range,27.99,9.5,8423.5,73.77,146,4.3,93.2,600
PID002476,Sports & Fitness,Budget,35.38,25.7,2688.91,,479,3.7,93.2,385
PID002477,Electronics,Mid-range,321.45,18.7,7257.19,63.9,169,3.2,67,5
PID002478,Furniture,Budget,265.07,6.9,150,414.67,333,3.3,77.3,230
PID002479,Home & Kitchen,Budget,52.4,13,873.53,98.52,328,2.8,88.4,5
PID002480,Grocery,Budget,4.86,14.4,5718.81,111.01,241,3.9,80.3,397
PID002481,Home & Kitchen,Budget,22.32,31.5,1110.37,194.04,398,3.9,83.6,481
PID002482,Toys & Games,Mid-range,28.17,35.9,6287.66,48.45,147,3.7,94.3,420
PID002483,Home & Kitchen,Mid-range,69.44,17.4,4705.9,183.09,358,3.4,90.8,417
PID002484,Electronics,Premium,344.54,10.3,3487.57,183.01,126,4.8,78.2,188
PID002485,sports & fitness,Budget,28.01,19.1,1743.82,19.19,551,3.5,94.1,357
PID002486,Toys & Games,Budget,7.53,2.7,2607.27,57.76,,3.6,77.9,254
PID002487,Toys & Games,Budget,23.68,13.5,4290.4,39.86,266,3.6,88.6,244
PID002488,Electronics,Mid-range,293.96,26,6389.95,202.55,339,3.3,86.8,376
PID002489,Apparel,Budget,36.31,9.7,4707.96,51.17,489,3.8,70.5,277
PID002490,Electronics,Mid-range,,8.6,5508.27,201.32,287,4.5,75.5,460
PID002491,Grocery,Budget,13.67,10.6,4169.52,53.3,468,3.9,85.1,471
PID002492,Apparel,Budget,30.67,8.5,150,77.01,352,3.8,73.1,54
PID002493,Home & Kitchen,Mid-range,69.13,22.6,2601.05,106.58,180,2.7,80.1,30
PID002494,Furniture,Mid-range,339.61,27.1,6124.2,189.39,265,4.5,76.9,384
PID002495,Grocery,Mid-range,16.58,36.1,5877.48,56.89,151,3.6,73.8,362
PID002496,Electronics,Budget,191.56,34.4,6560.28,318.86,589,3.3,91.5,937
PID002497,Home & Kitchen,Budget,55.91,23.8,1958.25,96.82,520,4.1,79.4,463
PID002498,Electronics,Mid-range,226.17,13.7,4720.42,387.73,364,3.5,73.8,508
PID002499,Home & Kitchen,Budget,26.67,5.5,6913.16,65.19,318,3,91.9,389
PID002500,Apparel,Budget,30.74,18.8,3472.06,18.06,275,4,87.8,355
PID002501,Electronics,Mid-range,281.99,18.9,4016.76,223.69,242,3.4,72,238
PID002502,Beauty & Personal Care,Budget,15.16,35.9,5949.89,23.36,381,3.4,86.4,566
PID002503,Sports & Fitness,Budget,27.28,20,326.6,19.19,561,3.4,81.7,193
PID002504,Grocery,Budget,10.77,25.3,3900.98,,352,3.1,78.5,240
PID002505,Toys & Games,Mid-range,28.24,15.4,3602.42,121.04,299,4.2,85.4,361
PID002506,Furniture,Premium,451.17,18.1,4406.88,402.64,187,4.4,85,549
PID002507,Sports & Fitness,Mid-range,57.37,20.9,3723.4,109.45,154,3.2,81.5,157
PID002508,Grocery,Budget,16.85,8.5,2528.68,135.67,331,3,77.6,115
PID002509,Apparel,Mid-range,39.9,11.5,6490.82,27.1,126,3.8,95.7,347
PID002510,Grocery,Budget,12.16,14.7,3771.32,70.22,567,3.9,93.8,598
PID002511,Home & Kitchen,Mid-range,104.13,,3665.71,20.31,315,3.9,76.4,267
PID002512,Toys & Games,Budget,29.21,12.5,3123.06,47.73,251,3.7,76,157
PID002513,Furniture,Premium,452.23,7,4050.3,49,205,3.8,83.5,5
PID002514,Apparel,Premium,42.64,9.9,9312.14,74.66,159,3.9,93.3,470
PID002515,Electronics,Budget,299.18,15.1,5376.16,181.9,519,3.5,70.6,368
PID002516,Grocery,Mid-range,19.68,12.7,2873.74,105.98,225,3.5,100,292
PID002517,Apparel,Premium,105.17,1.8,4925.59,129.25,181,3.5,94.5,156
PID002518,Toys & Games,Mid-range,11.32,18.2,2586.64,119.36,164,3.6,99.7,255
PID002519,Beauty & Personal Care,Premium,40.44,1.6,6661.33,77.24,171,3.8,89.5,479
PID002520,Sports & Fitness,Premium,116.34,6.7,8554.36,172.76,87,3.8,84.9,335
PID002521,Grocery,Budget,9.53,14.1,4829.17,153.03,422,3.6,67.5,328
PID002522,Electronics,Premium,218.25,3.7,1049.02,249.37,150,4.1,79.5,171
PID002523,Home & Kitchen,Budget,55.85,5.1,6085.85,47.17,455,3.3,86.5,310
PID002524,Apparel,Mid-range,54.09,10.7,2659.23,27.89,297,4.3,87.5,324
PID002525,Apparel,Mid-range,59.23,25.9,7053.14,107.99,126,3.4,86.2,378
PID002526,Sports & Fitness,Mid-range,53.51,17.5,3901.58,181.31,126,3,86.5,159
PID002527,Electronics,Mid-range,410.3,23,4043.14,324.9,263,4.2,90.7,527
PID002528,Furniture,Mid-range,351.57,23.1,4570.5,152,321,3.6,85.7,270
PID002529,Toys & Games,Mid-range,36.7,5.2,1239.15,59.67,254,4.4,83.9,176
PID002530,Furniture,Budget,142.83,9.6,2695.73,252.32,244,3.3,78.9,188
PID002531,Electronics,Mid-range,116.39,32.2,5524.7,41.12,131,4.5,85.7,483
PID002532,Grocery,Budget,19.6,10.5,2090.79,17.11,234,3,97.5,55
PID002533,Grocery,Mid-range,16.9,10.8,1522.89,15.02,337,3.9,75.1,189
PID002534,Apparel,Premium,95.9,10.4,3018.96,103.22,196,4.6,66.9,166
PID002535,Toys & Games,Mid-range,27.12,23.7,4034.15,140.44,310,4,96,518
PID002536,Apparel,Premium,65.89,2.6,6933.68,99.95,133,3.7,83,198
PID002537,Furniture,Budget,207.99,14.3,2775.93,221.79,343,4.2,73.3,354
PID002538,Electronics,Premium,,9.9,7285.25,131.35,190,4.5,89,261
PID002539,Apparel,Premium,90.19,9.2,7569.94,129.73,185,4.9,77.2,533
PID002540,Electronics,Mid-range,209.98,23,3169.04,211.4,356,3.9,68.2,391
PID002541,,Budget,14.67,0.9,2551.34,74.72,251,3.9,85.6,162
PID002542,Electronics,Mid-range,281.08,10.6,4869.67,369.58,265,3.8,92.9,504
PID002543,Toys & Games,Mid-range,15.19,8.1,5229.86,84.58,,3.8,93.7,255
PID002544,Apparel,Mid-range,20.02,15.9,6461.85,114.18,248,4.7,81,559
PID002545,Home & Kitchen,Premium,49.51,3.6,5505.83,190.04,135,5,92,597
PID002546,Furniture,Budget,272.34,14,1099.56,49,448,3.3,99,90
PID002547,Electronics,Premium,,9.9,4383.48,41.12,201,4,86.6,18
PID002548,Apparel,Mid-range,74.76,32.6,4688.45,37.58,305,2.8,89.9,216
PID002549,Apparel,Mid-range,62.33,23.9,4114.87,118.52,215,,62.7,157
PID002550,Furniture,Mid-range,253.75,14.5,2884.13,337.76,328,3.9,100,530
PID002551,Home & Kitchen,Premium,156.35,5.1,8633.33,76.11,149,4.8,60.3,366
PID002552,Furniture,Premium,445.07,9.1,3641.71,49,146,4.2,88.7,5
PID002553,GROCERY,Budget,6.13,23.9,3989.1,48.42,558,4.2,93.8,671
PID002554,Beauty & Personal Care,Budget,6.81,24.5,3405.5,46.36,275,2.6,84.3,193
PID002555,Furniture,Premium,312.33,5.8,3187.45,122.29,121,4.5,84.9,38
PID002556,Apparel,Mid-range,33.69,6.5,3237.87,29.34,374,3.3,68.8,5
PID002557,Furniture,Premium,578.58,18,4486.73,176.11,82,3.8,78.1,5
PID002558,Apparel,Budget,26.41,6.1,,18.17,543,3.6,88.6,311
PID002559,Home & Kitchen,Premium,100.51,,8035.51,20.31,174,3.8,67.7,194
PID002560,Toys & Games,Premium,60.15,5.9,3435.13,114.53,153,4.9,82.6,261
PID002561,Sports & Fitness,Mid-range,57.39,11.8,5935.05,119.86,151,3.4,92.6,344
PID002562,Furniture,Mid-range,280.07,11.4,3959.85,238.66,215,4.3,85.5,329
PID002563,Sports & Fitness,Premium,67.71,15.3,8619.88,88.13,201,4.7,75.2,560
PID002564,Home & Kitchen,Premium,36.48,3.9,1622.9,74.26,169,5,81.3,271
PID002565,Electronics,Mid-range,267.98,8.3,3365.89,92.36,133,3.5,81,5
PID002566,Apparel,Mid-range,60.07,28.6,5591.09,71.47,358,3.7,89.2,528
PID002567,Grocery,Budget,7.21,37.3,3725.24,53.51,468,3.9,80.7,427
PID002568,Toys & Games,Budgett,20.91,13.5,4455.66,54.5,323,3.2,92.1,182
PID002569,Toys & Games,Budget,20.53,9.6,2740.22,120.32,493,3.2,68.5,183
PID002570,Grocery,Budget,20.63,40.5,1423.88,73.34,242,4,88,301
PID002571,Beauty & Personal Care,Mid-range,35.97,3,5119.41,62.5,253,3.4,78.3,196
PID002572,Grocery,Premium,24.24,1.9,4773.5,89.06,62,5,100,509
PID002573,Electronics,Budget,207.25,10.8,3356.29,397.28,357,2.8,74.5,304
PID002574,electronics,Mid-range,211.07,17.4,4554.92,158.71,258,3.8,88,364
PID002575,Electronics,Budget,127.36,36.4,1456.51,130.65,,3.5,94,372
PID002576,Home & Kitchen,Premium,106.4,3.7,6230.06,123,97,4.5,,414
PID002577,Beauty & Personal Care,Mid-range,43.06,15.9,4419.33,57.25,178,4.3,95,416
PID002578,Grocery,Budget,13.79,35.3,3333.88,66.89,563,3,75,408
PID002579,Apparrel,Mid-range,51.76,9.3,,38.12,249,4.5,95.4,334
PID002580,Grocery,Mid-range,9.66,9.2,2970.24,25.78,252,4.1,92.2,260
PID002581,Home & Kitchen,Budget,50.45,16.7,1163.65,50.62,296,3,94.7,71
PID002582,Apparel,Budget,11.59,29.5,4443.39,66.79,590,2.9,95.5,503
PID002583,Grocery,Budget,4.29,9.4,2442,94.31,337,3.3,71.4,15
PID002584,Electronics,Mid-range,191,13.2,7466.98,41.12,285,4,69.8,346
PID002585,Grocery,Mid-range,24.6,21.6,2021.75,35.22,380,4.8,87.8,501
PID002586,Home & Kitchen,Mid-range,,38.7,3235.38,58.65,219,4.4,100,543
PID002587,Grocery,Mid-range,5.52,14,4910.2,61.58,157,4.1,81.4,213
PID002588,Electronics,Mid-range,231.97,12.8,4944.64,41.12,147,,95.1,307
PID002589,Home & Kitchen,Mid-range,63.43,27.5,3850.3,,187,3.2,70.6,76
PID002590,Toys & Games,Budget,31.47,10.7,150,19.86,,3.2,85.5,102
PID002591,Grocery,Budget,13.77,14.2,3572.49,52.71,491,3.8,84.6,414
PID002592,Sports & Fitness,Mid-range,37.28,26,5897.02,76.3,134,3.6,71.9,287
PID002593,Furniture,Mid-range,231.85,7.5,6167.12,49,229,3.5,66.2,68
PID002594,Sports & Fitness,Budget,24.41,58.6,,73.82,411,4.6,78.9,675
PID002595,Furniture,Mid-range,379.99,7.8,1860.09,49,131,4.6,82.7,5
PID002596,Toys & Games,Premium,40.69,3.6,4142.63,38.25,84,3.4,100,128
PID002597,Grocery,Budget,4.62,15.5,4924.51,30.21,405,3.8,100,454
PID002598,Home & Kitchen,Mid-range,76.38,12.9,3900.01,74.33,366,3.8,79.2,265
PID002599,Toys & Games,Budget,23.25,33.6,150,16.6,474,3.6,70.1,96
PID002600,Sports & Fitness,Budget,52.68,19.8,4295.66,63.67,230,3.1,83.1,166
PID002601,Beauty & Personal Care,Budget,21.82,22.6,3411.83,71.76,389,3,79.4,327
PID002602,Toys & Games,Mid-range,25.58,9.9,4735.61,54.82,143,4,63.6,150
PID002603,Furniture,Premium,373.46,7.7,4080.94,168.93,74,4.2,80.2,16
PID002604,Grocery,Mid-range,18.22,14,6798.22,32.26,287,3.6,89.8,375
PID002605,Electronics,Premium,382.92,9.3,1027.93,238.56,119,4.5,86.9,151
PID002606,Grocery,Mid-range,20.16,5.7,4266.62,,266,4.2,71.5,244
PID002607,Grocery,Budget,13.54,20.6,939.87,66.36,538,3.5,98.6,373
PID002608,Apparel,Budget,25.38,15.4,1545.41,49.81,443,3.5,60,195
PID002609,Beauty & Personal Care,Mid-range,19.92,8.3,5241.54,63.58,259,3.6,82.8,330
PID002610,Grocery,Mid-range,12,24.3,6299.09,92.05,222,4.4,99.7,605
PID002611,Sports & Fitness,Mid-range,76.74,14.5,3435.66,71.24,327,4.2,85,443
PID002612,Furniture,Mid-range,232.17,2.5,4341.43,49,277,4.1,89.9,151
PID002613,Toys & Games,Budget,34.99,11.7,2373.61,91.46,338,3.6,90.1,169
PID002614,Home & Kitchen,Mid-range,59,16.7,4518.73,73,219,3.1,,172
PID002615,Apparel,Premium,26.99,7,4226.99,42.65,138,3.8,87.9,155
PID002616,Beauty & Personal Care,Budget,23.08,23.6,3875.89,62.01,276,3.4,96.4,399
PID002617,Home & Kitchen,Mid-range,80.47,27.5,6205.81,69.93,373,3.7,100,614
PID002618,Sports & Fitness,Premium,86.17,11.1,4775.85,124.58,162,4.3,100,417
PID002619,Home & Kitchen,Mid-range,34.61,16.2,4651.54,66.51,161,3.5,87.4,215
PID002620,Furniture,Premium,437.96,6.1,4255.51,408.48,211,4.4,86.1,385
PID002621,Beauty & Personal Care,Premium,61.79,7.2,3933.7,84.15,219,4.5,100,481
PID002622,Electronics,Premium,414.01,13.4,5855.59,107.75,167,3.6,86.9,43
PID002623,Apparel,Premium,69.47,14.9,5771.74,27.09,121,3.6,89.1,233
PID002624,Grocery,Budget,23.44,47.3,4004.62,22.16,473,3.3,66.4,426
PID002625,Sports & Fitness,Budget,16.88,30.4,2995.68,182.42,264,3,82.7,332
PID002626,,Budget,22.81,21.7,2135.35,125.5,253,2.8,90.9,176
PID002627,Furniture,Premium,575.59,12.5,1902.18,49,147,4.6,79.9,5
PID002628,Grocery,Budget,11.53,6.3,2084.72,74.33,363,3.3,82,161
PID002629,Apparel,Mid-range,55.11,20.1,2681.76,47.05,,4.3,61.1,119
PID002630,Apparel,Budget,37.54,24.2,5150.05,67.92,299,3.4,98.1,409
PID002631,Sports & Fitness,Mid-range,47.68,,2725.3,19.19,265,3.3,89.8,58
PID000088,Grocery,Budget,9.96,47.3,150,64.73,234,3.4,77.7,198
PID002633,Apparel,Premium,46.83,,11163.34,30.85,78,4.3,,582
PID002634,Electronics,Premium,495.16,5.2,5035.28,41.12,175,4.5,83.3,40
PID002635,Home & Kitchen,Mid-range,65.09,30.8,4969.34,65.08,287,3.7,70.4,345
PID002636,Electronics,Budget,206.78,40,6131.11,41.12,565,3.1,79,473
PID002637,Sports & Fitness,Budget,34.4,30.1,2787.85,78.6,339,3.6,76.3,437
PID002638,Beauty & Personal Care,Budget,14.2,4.4,3743.73,98.58,527,3.6,93.5,474
PID002639,Apparel,Mid-range,27.65,7,150,54.73,164,3.9,66.2,5
PID002640,Beauty & Personal Care,Mid-range,23.37,13.5,4818.36,99.64,180,4.6,83.8,496
PID002641,Apparel,Budget,45.18,8,2745.1,18.06,515,3.9,88.1,347
PID002642,Electronics,Mid-range,90.61,12.9,3415.72,149.92,229,3.9,89.5,318
PID002643,Electronics,Budget,361.5,28.2,2424.47,359.97,229,3.6,83.2,386
PID002644,Apparel,Budget,16.84,,,150.26,382,3.4,91.1,618
PID002645,Apparel,Mid-range,59,15.3,1542.35,164.88,126,3,66.7,5
PID002646,Sports & Fitness,Mid-range,66.32,27.5,2893.57,19.19,337,3.9,72.6,194
PID002647,Electronics,Mid-range,389.64,20.7,4426.44,84.55,337,3.5,125.8,219
PID002648,Beauty & Personal Care,Premium,44.64,14.3,4069.46,58.72,112,3.9,92.7,326
PID002649,Sports & Fitness,Mid-range,52.87,24.1,1944.04,56.86,201,3.9,67.2,115
PID002650,Apparel,Mid-range,22.81,7.8,5489.17,101.11,291,4.2,70.9,401
PID002651,Electronics,Budget,183.64,6.6,2993.83,147.19,331,3.7,83.1,291
PID002652,Electronics,Premium,307.19,20.8,5085.78,143.3,112,4,63.7,117
PID002653,Grocery,Budget,8.97,21.3,4706.92,96.93,592,3.9,63.7,453
PID002654,Furniture,Budget,197.67,16.7,5660.47,,320,3.2,89.5,254
PID002655,,Premium,90.87,6.1,3897.35,94.69,163,4.2,98.3,316
PID002656,Furniture,Budget,207.44,11.3,5788.54,167.81,318,3.7,87.5,445
PID002657,Grocery,Premium,27.84,7,6903.3,15.02,194,3.2,95.2,190
PID002658,Furniture,Premium,695.33,11.7,5569.27,97.45,160,4,86.8,5
PID002659,Furniture,Budget,184.66,17.6,1168.48,159.1,574,3.3,81.1,294
PID002660,Beauty & Personal Care,Budget,24.22,8.3,1395.89,69.26,580,3.3,78.2,240
PID002661,Toys & Games,Mid-range,41.61,,1215.79,22.18,,3.8,78.1,5
PID002662,Grocery,Budget,10.47,21.4,3465.35,101.86,274,3.7,95,348
PID002663,Toys & Games,Mid-range,17.12,6.6,4312.13,16.6,156,3.6,91.9,118
PID002664,Grocery,Budget,10.45,41.7,5081.23,101.98,595,3.6,84.9,716
PID002665,Toys & Games,Budget,23.47,43.1,3026.84,55.44,462,3.2,77.2,375
PID002666,Beauty & Personal Care,Mid-range,26.66,22.2,928.36,75.07,366,4.1,83,370
PID002667,Furniture,Budget,156.28,13.2,1518.23,373.96,449,3.7,83.8,551
PID002668,Beauty & Personal Care,Premium,42.68,2.4,10166.68,78.33,176,4.8,99.1,833
PID002669,Sports & Fitness,Mid-range,57.75,2.3,2872.78,152.73,366,3.9,82.4,347
PID002670,Sports & Fitness,Mid-range,60.35,19.3,2486.62,140.41,201,3.8,86.7,296
PID002671,Furniture,Mid-range,156.92,13.3,5669.02,111.5,367,3.7,92.7,480
PID002672,Apparel,Budget,27.5,15.5,4144.44,18.06,314,2.7,86.2,137
PID002673,Apparel,Budget,36.06,32,1697.32,165.92,325,2.8,85.3,282
PID002674,Home & Kitchen,Budget,22.03,17,4627.69,121.32,485,3.6,74.1,492
PID002675,Electronics,Mid-range,306.32,17.6,3309.78,41.12,133,3.7,97.9,101
PID002676,Electronics,Premium,300.24,2.1,1753.03,85.03,128,3.8,86,5
PID002677,Apparel,Mid-range,53.2,0.8,4668.03,67.06,241,3.8,82,195
PID002678,Beauty & Personal Care,Budget,17.4,7.4,1714.34,104.7,479,2.9,91.7,260
PID002679,Beauty & Personal Care,Premium,20.3,12.4,5293.45,82.11,132,3.8,100,462
PID002680,HOME & KITCHEN,Premium,89.43,6.7,5646.57,108.39,192,4.5,93.2,417
PID002681,Sports & Fitness,Premium,68.14,8.3,296.3,114.72,64,4.4,94.2,169
PID002682,Toys & Games,Mid-range,12.98,6.2,4956.61,56.34,285,3.2,83.2,152
PID002683,Home & Kitchen,Mid-range,44.41,31.7,5471.45,109.55,182,4.3,86.3,601
PID002684,Electronics,Premium,228.62,7.2,6111.6,41.12,138,5,95.8,463
PID002685,Grocery,Budget,11.33,14.5,3390.19,73.5,280,3.5,83.6,187
PID002686,,Mid-range,355.16,15.7,1858.52,207.42,258,3.4,99.8,154
PID002687,Electronics,Mid-range,289.15,14.8,5219.1,248.94,259,3.5,99.2,380
PID002688,Apparel,Premium,65.75,3.1,4936.08,,96,4.2,79.8,222
PID002689,Sports & Fitness,Budget,13.3,12.2,1353.49,67.18,517,3.3,93.4,253
PID002690,Apparel,Budget,36.95,21.8,3724.63,,267,3,73,147
PID002691,Apparel,Budget,32.6,26.9,6077.23,18.06,303,3.6,88.8,419
PID002692,Beauty & Personal Care,Budget,23.04,15.1,6319.63,69.59,361,3,88.7,403
PID002693,Home & Kitchen,Premium,74.98,8.2,4649.03,98.02,60,4.7,78.1,336
PID002694,Apparel,Mid-range,40.68,16.3,4309.28,66.46,339,4.8,84.7,549
PID002695,Electronics,Mid-range,241.75,16.8,150,155.66,152,4,93,134
PID002696,Electronics,Mid-range,363.49,10,1669.11,124.08,216,3.5,77,5
PID002697,Home & Kitchen,Mid-range,63.09,11.7,4487.66,72.66,367,4.2,86.1,427
PID002698,Sports & Fitness,Mid-range,70.83,5.2,6746.6,96.89,251,4.1,82.3,440
PID002699,Furniture,Mid-range,501.06,11.3,2548.54,407.94,202,,84.1,374
PID002700,Sports & Fitness,Budget,44.89,8.9,5041.99,19.19,421,3.7,85.1,352
PID002701,Beauty & Personal Care,Budget,,22.1,3740.68,24.15,365,3.2,67.9,157
PID002702,Beauty & Personal Care,Premium,58.41,12.2,4284.91,61.24,63,4.3,85.2,251
PID002703,Electronics,Premium,404.22,20,3763.95,220.67,95,4.8,,387
PID002704,Beauty & Personal Care,Mid-range,20.34,15.3,4398.94,48.47,336,4.1,68.9,386
PID002705,Beauty & Personal Care,Mid-range,31.11,12.4,3866.62,81.35,298,3.9,100,530
PID002706,Furniture,Mid-range,190.68,9.7,7665.29,242.53,261,4,100,619
PID002707,Home & Kitchen,Premium,88.44,13.3,5480.6,72.8,100,4.4,79.3,328
PID002708,Sports & Fitness,Mid-range,,25.2,4493.18,90.55,193,4,89.9,449
PID002709,Electronics,Premium,159.55,11.3,5774.84,299.67,133,4.9,73.8,585
PID002710,Sports & Fitness,Mid-range,55.86,37.9,2863.88,111.46,348,3.6,81.5,430
PID002711,Home & Kitchen,Mid-range,,5.6,2325.87,148.47,361,4.5,69.7,297
PID002712,Furniture,Mid-range,316.15,8.3,2658.66,405.15,253,4,95.7,449
PID002713,Home & Kitchen,Budget,46.94,47.9,5067.03,172.11,232,3.2,67.8,441
PID002714,Electronics,,147.5,6.1,2180.88,194.94,231,4.6,81.2,387
PID002715,Apparel,Mid-range,31.61,11.6,2732.58,18.06,296,3.4,100,184
PID002716,Electronics,,429.96,1.8,1554.61,241.43,195,3.4,98.1,5
PID002717,Home & Kitchen,Premium,133.26,14.7,5091.32,44.67,132,4.1,69.4,103
PID002718,Grocery,Mid-range,29.91,9.4,1996.11,35.51,165,3,93,5
PID002719,Toys & Games,Budget,12.62,23.4,3203.02,47.31,292,3.5,89.1,256
PID002720,Sports & Fitness,Premium,32.12,8.5,1684.62,132.01,126,4.7,88.5,216
PID002721,Toys & Games,Mid-range,41.79,13,4200.46,34.37,185,3.7,91,184
PID002722,Grocery,Budget,13.04,8.7,5277.29,59.46,430,3.1,83.3,298
PID002723,Grocery,Mid-range,,13.2,8979.68,121.57,176,4.5,62.3,508
PID002724,Electronics,Mid-range,294.91,13.5,1844.99,291.57,140,3.4,89.4,154
PID002725,Toys & Games,Budget,10.33,10.4,4345.85,96.79,221,3,89,197
PID002726,Home & Kitchen,Premium,,9.9,3848.18,146.3,162,3.8,73.3,141
PID002727,Electronics,Premium,545.77,7,6660.25,41.12,100,3.8,,5
PID002728,Home & Kitchen,Budget,60.09,18.1,552.79,35.74,300,3.4,83.1,22
PID002729,Home & Kitchen,Mid-range,44.09,30,4454.99,20.31,184,4.2,96,380
PID002730,Electronics,Budget,203.67,30.8,1990.09,202.73,482,3.4,83.5,470
PID002731,Grocery,,16.95,39.7,5306.36,48.66,336,3.4,83.7,520
PID002732,Apparel,Budget,22.08,4.9,5082.64,18.06,296,,73.2,95
PID002733,Beauty & Personal Care,Premium,15.45,20.2,4871.57,83.79,78,4,79.5,347
PID002734,Grocery,Budget,7.52,6.4,3910.45,60.86,496,3.7,86.1,382
PID002735,Home & Kitchen,Budget,29.56,19.7,2519.61,20.31,488,2.9,85.3,224
PID002736,Electronics,Mid-range,241.05,33.2,6601.41,,333,4,100,730
PID002737,Beauty & Personal Care,Premium,16.67,5.1,7411.44,16.15,168,4.7,88,619
PID002738,Apparel,,40.4,29.4,4944.03,52.29,380,4.3,78.1,576
PID002739,Home & Kitchen,Budget,52.31,4.6,2631.17,116.64,393,4,83.3,344
PID002740,Grocery,Budget,8.97,40.2,4262.23,25.33,513,3.3,87.6,509
PID002741,Beauty & Personal Care,Budget,23.18,,4083.15,16.15,226,4.1,72.1,398
PID002742,Electronics,Premium,,17,7894.51,490.49,192,5,82.3,705
PID002743,Grocery,Mid-range,18.72,4.9,2899.26,67.17,131,3.9,100,224
PID002744,Home & Kitchen,Mid-range,57.77,15.6,5978.46,50.36,214,3.9,96.2,464
PID002745,Toys & Games,Budget,,49.4,4167.44,42.89,464,4.2,85.6,640
PID002746,Sports & Fitness,Budget,27.66,10.4,4460.76,96.21,346,2.9,78.6,211
PID002747,Sports & Fitness,Premeium,105.42,4.7,2352.07,75.73,101,4.2,89.1,189
PID002748,Sports & Fitness,Budget,17.32,22.1,5542.68,142.42,249,3.6,84.9,525
PID002749,Furniture,Premium,518.39,4.2,8698.54,49,187,3.9,69.1,31
PID002750,Electronics,Mid-range,316.22,13.8,2533.25,207.5,301,3.3,98.3,162
PID002751,Toys & Games,Budget,34.97,5.4,2080.41,74.57,428,3.4,92.5,184
PID002752,Home & Kitchen,Mid-range,59.58,17.1,2706.55,270.99,266,3.8,100,469
PID002753,Grocery,Budget,,23.4,1013.66,,366,3.7,76.3,164
PID002754,Home & Kitchen,Premium,137.92,11.5,7860.18,118.9,61,3.5,79.3,235
PID002755,Beauty & Personal Care,Budget,5.18,30.3,3771.41,84.47,492,3.7,100,786
PID002756,Toys & Games,Mid-range,21.68,9.9,8076.11,119.09,360,3.9,68.4,441
PID002757,Electronics,Mid-range,265.01,24.6,3513.71,171.63,175,3.3,,148
PID002758,Apparel,Budget,29.29,18.1,1556.59,110.25,427,3.3,77.1,154
PID002759,Sports & Fitness,Premium,105.89,9.7,5540.74,28.2,130,4.5,96.4,374
PID002760,Toys & Games,Mid-range,37.54,18.7,3158.39,92.43,152,4.4,82.5,213
PID002761,Apparel,Budget,15.75,23,2799.35,18.06,254,3.9,94.9,276
PID002762,Beauty & Personal Care,MID-RANGE,27.97,20.2,453.5,54.66,377,3.8,100,273
PID002763,Grocery,Budget,4.11,49.3,5207.07,35.12,389,3.8,74.5,616
PID002764,Grocery,Premium,28.55,7.6,6091.85,113.05,79,4.3,100,385
PID002765,,Mid-range,64.6,5.9,8313.03,90.42,224,4.2,100,565
PID002766,Toys & Games,Mid-range,31.57,3.6,,96.66,373,3.7,72.7,251
PID002767,,Mid-range,32.17,11.9,5418.31,127.15,123,3.3,96.6,291
PID002768,Beauty & Personal Care,Mid-range,16.64,31,2224.94,16.15,125,4.1,71.7,149
PID002769,Home & Kitchen,Premium,61.59,7,8980.97,76.09,219,3.6,96.9,514
PID002770,Apparel,Premium,65.99,3.6,7943.61,18.06,177,4.1,93.1,399
PID002771,Electronics,Mid-range,248.78,21.3,2863.7,123.62,305,4.3,78.5,307
PID002772,Furniture,Premium,394.7,12.5,4857.24,321.67,82,4.3,82.8,300
PID002773,Toys & Games,Mid-range,48.27,13.6,6065.65,23.02,174,4.2,78.8,174
PID002774,Furniture,Budget,219.47,39.1,3674.82,101.75,293,3.1,93.8,306
PID002775,Grocery,Mid-range,6.45,7.9,4948.2,107.69,190,3.7,71.3,212
PID002776,Sports & Fitness,Premium,56.6,6.4,3294.17,37.58,164,3.8,87.5,110
PID002777,Toys & Games,Mid-range,40.34,17.1,4072.52,37.93,225,3.6,82.3,178
PID002778,Grocery,Mid-range,,40.4,2103.97,15.02,358,3.8,70.9,266
PID002779,Grocery,Budget,9.93,11.1,2274.49,,392,4.2,79.9,303
PID002780,TOYS & GAMES,Mid-range,,21.1,2673.36,16.6,293,4.1,78.7,189
PID002781,Apparel,Premium,54.08,13.2,7803.67,18.06,60,3.7,76.1,255
PID002782,Electronics,Mid-range,144.3,20.1,5085.33,245.66,207,3.2,88.5,406
PID002783,Grocery,Mid-range,12.26,5,3785.5,98.72,156,2.7,74.8,5
PID002784,Apparel,Mid-range,66.23,6.2,5107.41,123.8,272,3.8,85.7,343
PID002785,Apparel,Budget,22.37,24.1,2572.99,80.33,588,3.4,71.6,368
PID002786,Sports & Fitness,Mid-range,47.84,30.3,5237,74.31,331,3.9,89.4,490
PID002787,Beauty & Personal Care,Mid-range,45.63,18.7,3250.28,91.55,133,4,95.8,413
PID002788,Beauty & Personal Care,Mid-range,27.17,144.9,3111.53,39.05,124,3.6,79.8,33
PID002789,Furniture,Mid-range,250.7,23.9,6661.23,322.13,127,3.5,93,496
PID002790,Grocery,Budget,14.81,33.9,4861.88,109.8,578,3.6,82.9,658
PID002791,Grocery,Budget,11.16,16.3,4233.92,48.28,234,3.1,91.7,172
PID002792,,Budget,38.48,3.8,3225.28,45.5,304,3.7,76.3,91
PID002793,Toys & Games,Budget,33.39,36.1,3892.31,102.63,247,0.2,84.5,334
PID002794,Electronics,Mid-range,192.4,14.7,5551,41.12,347,4,91.5,458
PID002795,Toys & Games,Mid-range,12.99,17.6,5136.8,113.78,344,,86.3,362
PID002796,,Premium,59.23,4,3331.58,96.94,127,3.8,81.7,120
PID002797,Beauty & Personal Care,Budget,10.72,21.9,,74.33,327,4.1,71.5,472
PID002798,Home & Kitchen,Premium,79.09,10.3,9097.58,89.06,131,4.5,88.4,477
PID002799,Sports & Fitness,Budget,60.33,3.4,1769.89,31.1,456,3.6,85.9,92
PID002800,Sports & Fitness,Premium,60.2,9.2,2751.08,30.29,213,4.4,89.3,297
PID002801,Toys & Games,Mid-range,11.62,16.9,3115.19,59.66,336,3.7,93.6,358
PID002802,Electronics,Mid-range,284.71,25.2,3926.18,202.83,301,3.9,91.1,358
PID002803,Home & Kitchen,Budget,38.05,13.4,2676.32,149.94,384,3.6,84.5,364
PID002804,Sports & Fitness,Mid-range,58.74,16.1,,174.88,363,3.9,81.8,486
PID002805,Apparel,Mid-range,50.92,5.8,6576.7,55.89,201,4.1,64.1,229
PID002806,Furniture,Mid-range,274.58,18.5,1450.61,49,297,4.2,80.1,100
PID002807,Beauty & Personal Care,Premium,32.17,5.2,7538.09,110.74,147,4,69,402
PID002808,Grocery,Mid-range,19.44,3.5,5275.65,85.96,137,3.7,75.3,164
PID002809,Sports & Fitness,Mid-range,46.7,15.3,7325.58,117.61,177,4.4,94.4,545
PID002810,Apparel,Premium,76.99,9.7,,18.06,132,4.4,73.8,200
PID002811,Electronics,Budget,256.84,2.3,4174.51,116.62,534,3,80.4,123
PID002812,Apparel,Mid-range,47.18,7.9,7179.16,62.22,340,3.2,74.4,289
PID002813,Grocery,Budget,10.97,22.4,5384.59,89.66,541,3.4,96.9,605
PID002814,Apparel,mid-range,41.17,11.7,2438.95,21.45,320,3.5,100,220
PID002815,Toys & Games,Budget,29.77,23,1269.06,34.81,518,4.4,94.1,412
PID002816,Sports & Fitness,Mid-range,70.24,1.6,916.25,123.85,180,3.9,92.7,117
PID002817,Home & Kitchen,Budget,38.04,18.4,4095.88,36.65,533,3.2,77.6,371
PID002818,Beauty & Personal Care,Premium,45.93,6,5753.71,33.4,131,4.8,73.7,276
PID002819,HOME & KITCHEN,Mid-range,50.36,14.3,4220.33,20.31,240,4.4,76.2,336
PID002820,Apparel,Mid-range,29.92,20.1,3401.11,48.53,240,3.7,73.6,225
PID002821,Home & Kitchen,Budget,55.01,21.7,1678.83,151.67,254,3.8,71.3,214
PID002822,Grocery,Mid-range,15.94,11.8,4772.34,95.65,206,3.8,86.9,366
PID002823,Sports & Fitness,Premium,157.25,1.2,3202.64,76.5,211,5,83.8,261
PID002824,Home & Kitchen,Premium,82.65,7.7,9681.24,20.31,75,4.4,91.5,524
PID002825,Toys & Games,Mid-range,25.92,16.5,4691.97,30.49,,3.8,64.4,115
PID002826,Beauty & Personal Care,Mid-range,28.94,11.3,6137.83,52.32,257,4,87.9,479
PID002827,Grocery,Mid-range,23.93,35,4838.35,112.03,281,3.6,74,434
PID002828,,Premium,15.5917929,6.9,4533.76,62.28,87,4.7,75.9,240
PID002829,Apparel,Premium,87.45,17.6,3515.02,22.56,155,5,94.2,408
PID002830,Apparel,Budget,24.18,44.7,,18.06,334,2.9,76.1,215
PID002831,Sports & Fitness,Premium,96.07,17.5,46050.59658,26.26,210,4.5,88.8,541
PID002832,Electronics,Premium,463.66,4.4,7941.96,262.56,78,4,100,358
PID002833,Apparel,Budget,26.25,9.9,2747.06,50.58,597,3.4,80.4,348
PID002834,Apparel,Mid-range,20.43,2.6,4153.22,85.52,210,,100,191
PID002835,Toys & Games,,31.87,38.5,2460.72,70.92,436,3.4,100,504
PID002836,Apparel,Premium,54.08,23.1,5887.49,18.06,90,4.1,100,391
PID002837,Toys & Games,Mid-range,38.94,23.8,3148.55,36.3,364,4,91.9,387
PID002838,Grocery,Budget,14.24,7.9,2620.13,77.04,232,3.3,83.1,124
PID002839,Electronics,Budget,196.6,10.6,5218.18,256.14,389,3.4,,420
PID002840,Electronics,Mid-range,293.79,12.6,2550.96,41.12,321,4.3,90.3,116
PID002841,Home & Kitchen,Mid-range,58.45,12,7474.56,163.83,325,3.8,,586
PID002842,Grocery,Budget,9.42,21.7,5398.37,63.37,424,3.5,90.5,433
PID002843,Apparel,,58.39,13.4,7501.52,46.82,110,4.6,73.3,404
PID002844,Toys & Games,Mid-range,41.16,16.9,5206.67,72.5,260,3.2,83.4,205
PID002845,,Budget,29.82,24.9,2544.6,21.19,269,3.5,88.5,203
PID002846,Toys & Games,Premium,74.57,18.9,3523.67,16.6,79,4.5,87.5,208
PID002847,Home & Kitchen,Mid-range,59.42,,4265.23,107.4,143,4,84.9,302
PID002848,Toys & Games,Mid-range,34.32,14.6,2022.06,63.69,262,3.2,84.5,61
PID002849,Grocery,Mid-range,19.75,20.3,3264.12,67.05,246,3.6,95.7,353
PID002850,Grocery,Budget,10.36,9.3,2243.33,43.18,373,2.9,91.1,137
PID002851,Grocery,Mid-range,18.96,8.6,4805.85,103.42,264,,68.6,296
PID002852,Apparel,Mid-range,43.77,22.8,2722.44,111.78,286,4.1,74.3,316
PID002853,Home & Kitchen,Mid-range,49.52,2.4,3672.71,119.09,159,4,100,316
PID002854,Furniture,Mid-range,257.88,30.6,4270.71,49,312,4.4,81.4,358
PID002855,Beauty & Personal Care,Mid-range,21.2,7.3,5037.2,45.31,195,3.6,75.4,124
PID002856,electronics,Budget,216.18,32.9,5770.27,216.34,491,3.2,86.1,603
PID002857,Grocery,Budget,11.29,29,2253.3,66.22,584,4.2,94.7,607
PID002858,Grocery,Budget,4.6,9.8,4170.44,15.02,293,3,73.2,5
PID002859,Beauty & Personal Care,Budget,14.43,16.6,,105.58,230,3.6,83,293
PID002860,Beauty & Personal Care,Mid-range,30.34,3.8,2453.82,40.92,340,3.7,98.6,277
PID002861,Beauty & Personal Care,Budget,15.06,13.9,2546.17,103.48,400,3.4,83.6,336
PID002862,Furniture,Budget,205.67,12.3,3542.59,166.03,438,3.5,82.6,385
PID002863,Beauty & Personal Care,Mid-range,29.61,20.8,6603.23,88.52,144,4.3,84.7,506
PID002864,Apparel,Budget,14.47,28.6,223.93,112.4,496,3.7,85.4,365
PID002865,Apparel,Premium,89.95,2.6,1789.9,25.96,151,5,68.9,70
PID002866,Electronics,Premium,293.21,5.1,3150.11,295.45,110,3.9,100,274
PID002867,Apparel,Mid-range,21.79,5.3,6544.83,88,134,4,81.3,283
PID002868,Toys & Games,Budget,26.31,6.9,5322.52,24.55,316,3.7,79.2,164
PID002869,FURNITURE,Premium,334.45,5.2,,172.91,175,4.2,90.7,157
PID002870,Electronics,Mid-range,164.43,17.7,6276.01,248.34,275,2.9,93.2,373
PID002871,Home & Kitchen,Budget,29.26,,3609.59,58.99,484,4.2,100,615
PID002872,Beauty & Personal Care,Mid-range,33.25,7.4,6724.6,140.23,179,3.9,87.5,449
PID002873,Furniture,Mid-range,414.23,10,4366.29,263.48,379,3,83.5,153
PID002874,Beauty & Personal Care,Budget,20.87,46.1,1977.95,16.15,374,3.4,87.9,511
PID002875,,Mid-range,271.81,9.5,2379.94,227.81,243,4.4,66.7,243
PID002876,Furniture,Budget,235.15,5.7,4818.59,122.02,500,3.5,92.8,320
PID002877,Sports & Fitness,budget,47.2,17.5,3471.3,29.48,343,3.7,100,383
PID002878,Furniture,Premium,526.73,9.4,2199.53,160.78,60,4.4,88.5,5
PID002879,Furniture,Premium,881.28,2.5,1621.4,258.71,212,4.3,87.3,5
PID002880,Grocery,Premium,37.31,6.4,1034.49,15.02,164,4.8,85,86
PID002881,,Mid-range,19.09,12,3236.05,16.15,379,4.1,88.5,414
PID002882,Furniture,Budget,208.92,25.8,3342.8,87.61,265,3.5,71.6,209
PID002883,Grocery,Budget,11.55,30.8,3221.73,65.91,574,3.3,84,414
PID002884,Apparel,Mid-range,43.7,12,4236.38,,251,3.8,90.1,337
PID002885,Electronics,Budget,111.31,2.6,1895.28,302.31,433,3.8,95.2,545
PID002886,Toys & Games,Budget,11.15,20.1,3851.97,30.32,452,3.5,87.5,270
PID002887,Beauty & Personal Care,Premium,66.6,3.5,4939.17,71.03,101,4,91.2,294
PID002888,Beauty & Personal Care,Budget,17.39,25.4,2401.19,16.15,579,4.4,78.1,628
PID002889,Apparel,Budget,26.69,11.3,1883.86,128.45,511,3.5,,358
PID002890,Beauty & Personal Care,Premium,40.52,9.7,515.82,67.57,142,4.2,89.4,235
PID002891,Beauty & Personal Care,Budget,17.72,138.9,150,23.78,424,3.4,80.8,280
PID002892,Toys & Games,Mid-range,-10.8,24.4,2556.64,,161,3.8,75.4,212
PID002893,Grocery,Mid-range,5.78,2.2,150,15.02,278,3.9,83.5,60
PID002894,Sports & Fitness,Budgett,43.72,17.9,2370.82,19.19,304,3.7,91.6,239
PID002895,Furniture,Budget,196.87,3.1,1008,49,428,3.5,97.4,68
PID002896,Beauty & Personal Care,Mid-range,,16.1,4656.84,103.52,189,3.9,67.1,336
PID002897,Apparel,Budget,26.68,3,5649.42,26.07,319,3.1,90.1,258
PID002898,Grocery,Budget,12.42,23.3,150,71.27,510,3.6,89.1,379
PID002899,Home & Kitchen,Premium,63.92,5.6,3894.97,128.15,132,3.4,82.8,81
PID002900,Sports & Fitness,Budget,51.77,25.7,3091.82,118.77,340,3.8,94,519
PID002901,Home and Kitchen,Mid-range,53.5,17.5,4126.21,98.86,315,3.9,84.7,309
PID002902,Grocery,Mid-range,28.92,3.9,8845.62,105.71,157,3.4,57.9,194
PID002903,Apparel,Premium,75.6,14.5,3181.76,98.11,66,3.5,82.3,102
PID002904,,Premium,40.54,7.7,7908.76,26.47,194,4.4,77.7,463
PID002905,Home & Kitchen,Budget,32.28,10,3825.22,20.31,408,3.2,84.9,256
PID002906,Furniture,Mid-range,293.76,18.6,4978.46,275.18,291,4,80.3,493
PID002907,Apparel,Premium,24.76,5.3,7014.32,140.32,94,4.3,77.6,353
PID002908,Home & Kitchen,Mid-range,49.04,10.8,4413.97,103.05,292,3.4,84.7,336
PID002909,Toys & Games,Mid-range,39.66,24.3,6060.71,74.41,250,4,86.6,435
PID002910,Furniture,Mid-range,415.53,10.8,7507.07,369.56,247,4.7,82.9,653
PID002911,Electronics,Premium,314.26,4.2,5526.05,164.4,210,4.3,100,439
PID002912,,Mid-range,40.93,11.9,5667.13,78.09,178,3.3,99.6,292
PID002913,Grocery,Budget,18.85,10.9,1802.53,84.86,367,3.9,69.3,112
PID002914,Apparel,Budget,35.53,31.7,4980.26,133.38,293,3.4,77.9,432
PID002915,Grocery,Budgett,10.66,11.7,4658.49,15.02,306,4,83.9,346
PID002916,Furniture,Budget,142.56,12,4104.08,49,543,3,82.2,201
PID002917,Home & Kitchen,Mid-range,71.47,,4693.96,117.69,152,4.7,59,305
PID002918,Electronics,Premium,366.32,9.2,3987.13,271.64,173,4,91.4,243
PID002919,Home & Kitchen,Premium,114.42,5.2,,125.47,138,4.4,86.5,412
PID002920,Toys & Games,Budget,13.72,17.3,3858.16,16.6,387,3.7,85.6,278
PID002921,Toys & Games,Budget,20.84,19.4,3238.73,38.39,366,3.5,80.9,297
PID002922,Toys & Games,Mid-range,17.38,8.3,4830.22,16.6,151,4,80.5,136
PID002923,Home & Kitchen,Mid-range,89.16,8.5,6807.1,116.86,251,4.2,63.3,375
PID002924,Apparel,Mid-range,53.9,10.2,3525.21,137.6,339,4.1,72.8,231
PID002925,Furniture,Mid-range,224.97,11.7,5176.67,308.5,198,4.7,83.4,535
PID002926,apparel,Mid-range,49.91,6,5400.17,64.44,160,4,75.4,259
PID002927,Furniture,Mid-range,425.25,15,2678.14,146.34,309,4.4,70.2,114
PID002928,Home & Kitchen,Midrange,71.48,12.1,4322.41,28,175,3.8,78.9,134
PID002929,Electronics,Premium,511.45,7.5,6407.09,139.71,60,3.6,95,5
PID002930,Toys & Games,Mid-range,37.7,3.3,150,35.15,374,4.1,68.7,8
PID002931,Grocery,Budget,10.93,14.9,1520.8,97.88,477,3.6,83.8,275
PID002932,Electronics,Mid-range,278.84,38.1,3223.2,390.43,212,4,100,589
PID002933,Home & Kitchen,Premium,35.82,9,3655.04,20.31,172,4.4,86.9,209
PID002934,,Mid-range,38.53,8.8,3068.31,75.28,151,4.2,100,330
PID002935,Grocery,Budget,12.85,23.6,599.04,81.88,494,3.8,90.6,347
PID002936,Home & Kitchen,Budget,40.82,14.4,3577.26,,365,3.6,83.9,417
PID002937,Sports & Fitness,Mid-range,,20.8,4851.98,97.76,233,4.1,94.8,440
PID002938,Electronics,Premium,524.18,8.6,4587.13,193.15,144,4.8,100,272
PID002939,Beauty & Personal Care,Mid-range,39.73,6.7,4276.65,33.82,285,4.3,100,507
PID002940,Home & Kitchen,Mid-range,62.73,24.5,6192.38,75.34,195,3.6,84.2,365
PID002941,Electronics,Mid-range,253.26,18.6,507.28,146.5,210,3.7,81.2,28
PID002942,Home & Kitchen,Budget,38.44,3.2,4824.13,96.85,369,4.1,80.8,436
PID002943,Grocery,Budget,20.23,14.1,2823.57,99.85,366,3.3,71,192
PID002944,Electronics,Budget,153.03,23,576.61,201.92,437,3.9,88.9,408
PID002945,Toys & Games,Mid-range,-29.02,,4281.55,40.83,232,4,96.2,348
PID002946,Sports & Fitness,Budget,13.19,18.7,1558.34,19.19,585,3.8,87.9,364
PID002947,Home & Kitchen,Premium,121.77,4.2,6438.1,117.17,197,5,82.2,504
PID002948,Grocery,Mid-range,14.17,27.7,5255.67,64.32,305,4.2,89,559
PID002949,Beauty & Personal Care,Budget,9.44,8.3,1493.68,27.41,325,3.2,86.2,70
PID002950,Home & Kitchen,Budget,54.03,19.2,592.07,104,544,3.8,83.1,353
PID002951,Apparel,Mid-range,32.06,21.9,10128.49,138.93,165,4.5,89.3,803
PID002952,Toys & Games,Mid-range,29.16,15.9,2610.06,16.6,268,3.9,79.4,132
PID002953,Furniture,Mid-range,116.54,29.1,6547.63,49,201,3.9,64.3,387
PID002954,Home & Kitchen,Mid-range,49.04,20.7,2899.4,38.13,251,4.1,88.6,384
PID002955,Toys & Games,Budget,18.61,22.1,3574.35,52.98,298,3.4,84.1,264
PID002956,Home & Kitchen,Budget,68.04,26.4,3808.45,170.59,387,3.9,66.3,410
PID002957,Apparel,Mid-range,82.74,15.6,5037.83,116.15,294,3.9,96.5,473
PID002958,Grocery,Budget,8.3,28.7,3310,15.02,256,4,84.9,350
PID002959,Apparel,Mid-range,54.18,31.2,2445.38,18.06,283,3.8,79.3,254
PID002960,Grocery,Budget,,11.5,,57.36,277,3.2,95.7,329
PID002961,Home & Kitchen,Mid-range,80.42,33.5,4061.31,30.76,339,4.2,70.7,401
PID002962,Electronics,Premium,484.13,5.6,7476.58,413.56,123,4,70.4,321
PID002963,Furniture,Premium,308.79,11.8,6857.89,111.2,151,4.3,90.4,359
PID002964,Sports & Fitness,Budget,39.2,23.3,3153.26,56.22,286,3.4,63.6,133
PID002965,Grocery,Budget,14.72,10.5,3567.76,27.79,359,3.5,100,319
PID002966,Apparel,Budget,22.78,12.1,6022.55,101.44,290,3.6,96.5,476
PID002967,Electronics,Premium,425.23,2.8,7859.21,183.05,195,4,100,371
PID002968,Electronics,Mid-range,160.95,23.5,4532.9,41.12,374,4,100,531
PID002969,Beauty & Personal Care,Mid-range,23.69,29.5,7253.74,74.05,192,4.2,88.9,673
PID002970,Toys & Games,Budget,32.12,41.7,4022.47,73.92,382,4.1,76.5,512
PID002971,Beauty & Personal Care,Premium,14.75,6.2,,16.15,162,4,100,518
PID002972,Electronics,Mid-range,196.56,6.1,2467.14,41.12,264,2.8,89,5
PID002973,Sports & Fitness,Premium,59.41,15.1,6224.29,122.26,208,3.8,65,305
PID002974,Sports & Fitness,Mid-range,90.81,23.4,4382.66,108.91,317,3.8,81,405
PID002975,Beauty & Personal Care,Budget,,11.7,3997.01,18.37,238,3.7,89.1,319
PID002976,Grocery,Mid-range,20.78,2.6,2853.35,76.37,133,3.6,88,32
PID002977,Grocery,Budget,14.7,17.8,4102.76,15.02,450,3.6,91.7,368
PID002978,Toys & Games,Premium,45.97,7,11093.01,93.82,211,3.9,77.5,444
PID002979,Toys & Games,Mid-range,38.69,22.2,4966.17,75.77,272,3.7,87.2,371
PID002980,Furniture,Mid-range,391.16,4.5,5322.18,300.51,260,3.9,99.4,399
PID002981,Beauty & Personal Care,Budget,7.54,5.6,2637.09,,525,3.6,85.2,410
PID002982,Grocery,Mid-range,24.47,7.6,5540.95,65.79,169,3.9,72.1,163
PID002983,Home & Kitchen,Premium,35.4,15,4086.84,123.72,141,3.9,82.9,324
PID002984,APPAREL,Premium,64.2,16.7,4880.27,76.25,209,4.6,74.8,427
PID002985,Grocery,Budget,5.92,40.5,4747.7,53.9,402,3,89.6,409
PID002986,Electronics,Mid-range,224.45,13.3,4515.69,56.75,344,4.7,78.8,383
PID002987,Home & Kitchen,Mid-range,78.65,8,2881.34,98.8,331,3.6,100,365
PID002988,Home & Kitchen,Mid-range,96.31,19.3,6073.71,84.55,231,4.2,78.8,429
PID002989,Sports & Fitness,Budget,33.8,24,2638.64,75.19,483,3.5,78.8,309
PID002990,Sports & Fitness,Mid-range,68.14,13.8,3673.05,19.19,160,3.5,79.7,5
PID002991,Beauty & Personal Care,Budget,17.6,33.6,2826.08,68.68,543,3.7,98.1,731
PID002992,Home & Kitchen,Mid-range,50.27,26.9,1652.26,159.32,295,3.4,75.3,238
PID002993,Electronics,Mid-range,299.9,,4201.67,160.33,284,3.5,93.2,219
PID002994,Electronics,Budget,105.13,51.8,4442,404.03,417,4,100,1152
PID002995,Grocery,Budget,8.6,7.8,1793.33,85.78,296,3.8,80.2,150
PID002996,Home & Kitchen,Budget,17.58,,1965.74,120.19,276,3.5,76.5,58
PID002997,Home & Kitchen,Mid-range,41.91,14.2,5690.57,68.5,132,3.1,97,263
PID002998,Home & Kitchen,Mid-range,44.72,34.3,4056.16,,269,3.3,77.6,355
PID002999,Beauty & Personal Care,Premium,44.14,9.4,3857.33,101.49,207,3.5,80.5,230
PID003000,Furniture,Premium,,14.1,3866.06,186.01,77,3.8,100,5
PID003001,Grocery,Mid-range,22.41,2.9,6203.16,15.02,159,4.2,89.9,246
PID003002,Home & Kitchen,Budget,52.62,3.5,4074.06,192.35,577,3,77.7,242
PID003003,Sports & Fitness,Mid-range,111.2,16.2,2463.03,38.44,179,4.3,73.1,101
PID003004,Toys & Games,Budget,25.87,27.1,3392.06,55.29,320,3.8,69.2,274
PID003005,Apparel,Mid-range,46.87,4.9,,57.33,196,3.5,77.1,77
PID003006,Electronics,Premium,793.98,7.9,9628.79,129.02,138,,85.3,164
PID003007,Apparel,Budget,25.7,26.1,2627.27,70.74,580,3.8,96.9,614
PID003008,,Budget,16.62,9.1,4921.91,33.76,237,3.6,100,389
PID003009,Home & Kitchen,Premium,100.01,7.2,4402.9,143.2,143,3.9,,322
PID003010,Electronics,Budget,206.25,11.1,4375.4,238.9,320,4,87.2,398
PID003011,Grocery,Mid-range,20.72,3.8,3704.81,55.5,315,4,79.1,175
PID003012,Toys & Games,Mid-range,42.22,24.2,2584.37,63.93,359,4.5,76.9,332
PID003013,Apparel,Premium,119.96,7,5191.95,104,99,3.7,84,171
PID003014,Grocery,Mid-range,14.85,10.7,5314.13,80.39,273,4.1,84.6,358
PID003015,Sports & Fitness,Mid-range,46.43,28.5,5587.38,78.12,368,3.6,84.4,454
PID003016,Furniture,Budget,85.43,9.6,1758.43,199.84,516,3.5,100,441
PID003017,Beauty & Personal Care,Budget,18.28,24,4366.4,135.98,440,3.8,90.4,726
PID003018,Grocery,Budget,16.97,34,2259.57,126.75,483,3.6,80.6,463
PID003019,Grocery,Budget,15.01,15.9,1074.81,15.02,303,3.9,100,269
PID003020,Furniture,Budget,277.85,42.3,1491.86,423.53,276,3.9,93.3,604
PID003021,Grocery,Budget,5.39,13.5,3938.27,57.14,308,4,89.8,316
PID003022,Grocery,Premium,36.76,9.4,2171.66,77.65,97,4.3,100,250
PID003023,Home & Kitchen,Mid-range,61.72,,2465.79,76.47,347,3.8,89.8,160
PID003024,Electronics,Premium,444.84,3,7199.04,,93,4.3,85.9,338
PID003025,Beauty & Personal Care,Premium,59.93,10.4,1676.42,91.87,150,4.9,76,262
PID003026,Electronics,Premium,202.34,12.8,6050.76,267.41,95,4,87.1,452
PID003027,Furniture,Mid-range,310.88,4,5437.31,49,194,3.1,86.1,5
PID003028,Grocery,Budget,4.83,22.2,,64.13,466,3.7,87.3,507
PID003029,Home & Kitchen,Mid-range,41.66,22.2,5523.66,46.23,210,3.9,72.3,360
PID003030,Toys & Games,Premium,67.95,,4556.82,16.6,138,4.1,95.9,232
PID003031,,Premium,16.63,13.1,7356.34,,185,4.6,83.4,478
PID003032,Grocery,Budget,13.6,,4816.7,47.99,501,4,99.8,657
PID003033,Electronics,Mid-range,252.86,20.2,5747.3,70.13,259,3.6,83.8,210
PID003034,Apparel,Budget,19.83,39.2,3602.03,69.11,290,3.8,94.2,497
PID003035,Apparel,Mid-range,71.53,11.5,3965.87,18.06,210,4.1,88.3,208
PID003036,Home & Kitchen,Premium,98.55,2.3,3562.89,72.91,169,4.5,,205
PID003037,Sports & Fitness,Budget,11.41,3.6,5586.9,19.19,489,3.6,60.9,190
PID003038,Grocery,Mid-range,23.04,4.5,4588.64,57.61,343,3,85.3,91
PID003039,Furniture,Mid-range,385.76,6.1,2815.31,49,330,4.7,86.8,191
PID003040,Beauty & Personal Care,Budget,23.59,46.3,4328.72,59.87,568,3.7,68.3,683
PID003041,Toys & Games,Budget,21.02,15.5,2635.77,67.52,256,2.7,74.4,5
PID003042,Toys & Games,Premium,81.31,8.9,6002.22,68.31,62,4.3,86.6,214
PID003043,Electronics,Budget,225.7,11.9,2642.52,245.76,494,3.8,80,371
PID003044,Beauty & Personal Care,Budget,13.13,31.6,1648.1,16.15,317,3.8,78.8,233
PID003045,Electronics,Mid-range,177.95,6.3,4656.33,,152,,78.7,150
PID003046,Home & Kitchen,Midrange,115.23,29.2,6858.38,20.31,365,3.2,67.1,291
PID003047,Grocery,Budget,17.5,20.1,6128.79,41.75,447,3.5,86.8,462
PID003048,Beauty & Personal Care,Premium,,3.3,6121.81,73.74,208,4,78.8,362
PID003049,Home & Kitchen,Premium,59.61,2.5,6012,61.57,96,5,84.4,358
PID003050,Apparel,Mid-range,45.95,13.9,5085.6,18.06,377,4.1,87,362
PID003051,Beauty & Personal Care,Budget,21.07,13.2,7574.49,25.39,268,4.1,99.4,617
PID003052,Grocery,Budget,5.47,10.6,4310.29,37.52,308,3.5,80,255
PID003053,Apparel,Budget,30.62,19.5,2610.32,56.97,277,3.4,89.9,229
PID003054,Grocery,Budget,17.28,21.3,2270.1,102.44,529,4,99,616
PID003055,Apparel,Premium,96.84,10.6,5904.83,47.14,72,4.7,74.3,265
PID003056,Furniture,Budget,224.42,18.8,5143.31,304.65,505,4.1,60.3,550
PID003057,Sports & Fitness,Mid-range,68.54,9.8,3984.27,167.21,131,4.3,87.9,340
PID003058,Toys & Games,Premium,62.35,8.2,6765.83,131.12,140,4.3,80.7,310
PID003059,Home & Kitchen,Mid-range,56.93,10.6,4202.5,78.38,317,3.7,93.4,399
PID003060,Home & Kitchen,,66.62,3.8,4558.81,57.11,143,3.6,91.6,151
PID003061,Electronics,Budget,199.37,14.2,1459.09,102.59,340,3.9,91.3,224
PID003062,Apparel,Mid-range,64.05,6.9,2031,103.89,288,3.3,86.7,55
PID003063,Furniture,Mid-range,336.13,11.9,4643.24,408.87,245,3.6,79.1,397
PID003064,Toys & Games,Budget,37.47,6.3,,68.79,507,3.5,95.4,443
PID003065,Home & Kitchen,Mid-range,51.79,23.1,5100.23,52,258,4,72.4,346
PID003066,Apparel,Budget,43.41,9.4,5093.5,18.06,322,3.4,69.6,58
PID003067,Beauty & Personal Care,Mid-range,22.05,13.9,2982.95,70.33,330,4,84.9,444
PID003068,Grocery,Budget,6.48,28.5,2793.77,81.29,584,4.1,98.2,671
PID003069,Home & Kitchen,Mid-range,80.14,17.1,5755.9,110.05,273,3.3,68,254
PID003070,Apparel,Budget,39.06,49,3577.92,30.26,523,2.7,100,476
PID003071,Toys & Games,Budget,28.67,12.2,150,16.85,353,3.2,80.2,5
PID003072,Toys & Games,Budget,18.02,38.8,2856.65,146.61,490,3.8,87.3,551
PID003073,Grocery,Budget,15.5,3.9,1118.75,37.28,369,4.4,86.6,237
PID003074,Electronics,Premium,257.62,3.6,6030.62,207.28,175,4.3,87.8,356
PID003075,Grocery,Budget,14.63,40.5,4913.7,60.95,338,2.8,79.9,345
PID003076,Electronics,Mid-range,154.13,15.8,6098.35,147.95,240,3.4,80.7,214
PID003077,Grocery,Mid-range,15.19,10.8,6118.9,45.4,205,3.6,74.2,283
PID003078,Home & Kitchen,Premium,124.02,8.5,8381.02,,215,3.7,85.5,327
PID003079,Apparel,Mid-range,59.17,6.3,4085.01,107.34,252,3.3,81.4,161
PID003080,Furniture,Mid-range,324.84,34.1,,432.3,269,,81.4,627
PID003081,Grocery,Budget,8.57,15.8,3024.88,64.1,539,3.7,87.7,489
PID003082,Home & Kitchen,Premium,116.46,11.5,10140.75,132.03,124,4,71,448
PID003083,Sports & Fitness,Budget,40.02,5.1,2832.24,104.35,441,3.4,70.6,107
PID003084,Electronics,Budget,88.82,27.3,2878.96,151.99,361,3.1,84.5,259
PID003085,Furniture,Mid-range,350.66,11.9,5377.4,90.73,251,3.1,92,131
PID003086,Home & Kitchen,Mid-range,57.77,2.3,6103.24,20.31,240,3.8,99,352
PID003087,Sports & Fitness,Mid-range,60.33,17.3,7269.23,69.47,236,3.8,75,317
PID003088,Apparel,Premium,53.42,7.3,2296.31,18.06,113,5,87.9,249
PID003089,,Budget,57.23,32.3,3305.04,55.07,456,2.8,89,354
PID003090,Beauty & Personal Care,Mid-range,31.19,16.1,5073.4,151.35,294,3.9,86,579
PID003091,Grocery,Budget,14.1,43.1,4109.66,54.51,439,3.4,92.5,606
PID003092,Furniture,Mid-range,356.72,17.2,6058.56,203.14,338,3.7,72.6,316
PID003093,Home & Kitchen,,31.94,37.3,3026.43,120.98,341,3.9,96.3,609
PID003094,Electronics,Budget,115.87,13.4,6560.4,92.23,257,3.6,93.2,452
PID003095,Home & Kitchen,Premium,125.71,5.1,5869.77,166.11,174,4,92.4,477
PID003096,Electronics,,317.02,5.7,3906.76,124.31,158,3.9,92.6,81
PID003097,Toys & Games,Mid-range,36.16,13.2,6533.06,80.44,257,4.5,78,421
PID003098,Beauty & Personal Care,Premium,27.99,7.7,6057.67,120.67,134,5,84.9,590
PID003099,Apparel,Mid-range,16.47,24,2243.91,98.46,251,3.5,96.2,291
PID003100,Beauty & Personal Care,Mid-range,23.86,13.4,3566.18,67.76,316,3.9,85.1,389
PID003101,Home & Kitchen,Mid-range,99.37,13.6,1578.68,135.69,313,4.5,73.6,309
PID003102,Sports & Fitness,Premium,82.93,8.2,4881.02,70.11,66,3.8,90,282
PID003103,Electronics,Mid-range,110.78,18.3,7382.44,377.13,245,3.8,92.1,858
PID003104,Furniture,Budget,133.41,,738.83,326.88,539,,80,342
PID003105,Furniture,Premium,758.22,9,4603.2,49,137,4.6,85.6,5
PID003106,Furniture,Mid-range,528.41,16.6,3155.01,49,310,3.6,92.8,5
PID003107,Grocery,,19.77,14.8,5123.96,52.75,208,4.1,76.2,305
PID003108,Beauty & Personal Care,,16.43,6.9,3066.96,,148,3.8,95.5,216
PID003109,Apparel,Mid-range,60.65,10.9,,52.71,366,3.4,84.1,223
PID003110,Toys & Games,Budget,33.75,6.6,742.11,33.75,551,3.7,78.7,114
PID003111,Apparel,Premium,89.05,8.5,4522.33,48.66,86,4.1,75,144
PID003112,Home & Kitchen,Premium,109.35,2.6,6084.8,78.19,193,3.9,92.1,353
PID003113,Beauty & Personal Care,Mid-range,43.94,3.4,2933.17,16.15,179,4,93.5,192
PID003114,Home & Kitchen,Premium,109.11,10,5305.4,205.11,135,3.5,75.7,224
PID003115,Furniture,Premium,,5.5,5015.16,49,124,4.2,83.9,5
PID003116,Apparel,Budget,16.63,58.6,5402.84,85.3,467,3.6,80.9,692
PID003117,Electronics,Budget,144.93,16.1,2222.46,232.28,497,3.6,89.3,477
PID003118,Home & Kitchen,Premium,108.38,10.4,7475.03,103.45,197,3.6,79.4,368
PID003119,Grocery,Budget,10.32,52,4326.96,29.74,585,4.6,82.1,822
PID003120,,Budget,14.29,18.3,3725.28,99.36,446,3.6,72.9,297
PID003121,Furniture,Premium,387.74,12.9,4182.2,121.21,158,4.4,78.4,183
PID003122,Electronics,Premium,399.54,10.8,5260.64,98.44,64,4.6,72.3,76
PID003123,Sports & Fitness,Mid-range,27.73,18.3,6430.34,60.5,253,4.2,89.8,573
PID003124,Toys & Games,Budget,36.54,19.6,3212.5,71.62,555,3.2,100,365
PID003125,Home & Kitchen,Premium,98.57,5.5,,20.31,153,4.1,75.3,325
PID003126,Grocery,Premium,28.59,10.4,3479.18,87.65,147,3.9,85.5,236
PID003127,Sports & Fitness,Budget,30.57,15.8,3528.33,38.28,439,3.5,81.2,290
PID003128,Toys & Games,Mid-range,30.3,26.3,7666.28,135.39,362,3.6,76.7,523
PID003129,Grocery,Mid-range,16.87,13.5,4489.27,15.02,140,3.8,77.7,102
PID003130,toys & games,Mid-range,21.67,18.9,2101.11,68.31,304,4.2,73.6,275
PID003131,Home & Kitchen,Mid-range,53.28,6.3,6653.84,52.15,138,3.8,57.2,100
PID003132,Toys & Games,Mid-range,25.5,16.8,3150.02,66.82,312,3.8,74.2,269
PID003133,Home & Kitchen,Mid-range,36.27,15.7,3858.31,77.99,329,3.4,69.3,196
PID003134,Grocery,Budget,13.17,6.9,6168.79,43.31,502,4,,446
PID003135,Beauty & Personal Care,Budget,13.63,52.7,2092.73,88.21,300,2.8,81.8,305
PID003136,Sports & Fitness,Budget,60.07,19.8,7095.43,52,317,3,69.6,204
PID003137,Apparel,Mid-range,62.93,23.8,5096.5,18.06,249,3.8,83.7,279
PID003138,Toys & Games,Budget,21.63,41.2,4221.37,16.6,237,4,85.5,369
PID003139,Apparel,Premium,82.95,9.9,6410.31,85.13,62,3.9,72.5,166
PID003140,Grocery,Budget,12.51,12,1132.38,15.02,229,3.4,83,5
PID003141,Beauty & Personal Care,Budget,8.13,31.1,2190.2,38.47,336,3.5,79.2,336
PID003142,Beauty & Personal Care,Mid-range,19.14,22.9,5295.6,16.15,139,3.8,76,254
PID003143,Grocery,Budget,6.08,45.2,1699.99,35.36,393,3.4,71.5,360
PID003144,Home & Kitchen,Mid-range,100.31,34.4,6036.08,135.08,192,3.7,74.4,433
PID003145,Beauty & Personal Care,Premium,61.41,7.4,7467.95,104.66,64,4.6,98.5,571
PID003146,Electronics,Premium,365.91,15.9,6256.38,41.12,104,3.7,78.4,5
PID003147,Furniture,Premium,347.99,10,150,49,139,3.5,99.7,5
PID003148,Electronics,Premium,323.3,16.2,6373.96,157.75,163,4.6,96,408
PID003149,Grocery,Budget,9.04,17.4,4700.1,89.85,325,2.7,88.6,263
PID003150,Home & Kitchen,Mid-range,37.71,13.5,5632.48,131.73,276,4.4,92.3,628
PID003151,Home & Kitchen,Mid-range,40.09,20.3,3339.77,73.71,351,4.2,71.9,319
PID003152,Beauty & Personal Care,Budget,11.69,6.4,3534.77,47.84,443,3.7,100,442
PID003153,Beauty & Personal Care,Budget,9.61,,2770.99,143.72,476,3.7,,613
PID003154,Apparel,Budget,11.64,7.3,5406.7,30.31,276,3.1,83,139
PID003155,Furniture,Budget,261.22,33.7,7832.42,305.01,423,3.5,80.2,777
PID003156,Sports & Fitness,Budget,50.61,14.4,560.72,19.19,458,3.2,94.9,206
PID003157,Apparel,Premium,21.52,3,7449.14,68.74,182,4.7,84.5,439
PID003158,home & kitchen,Budget,25.33,21.8,4673.19,84.6,499,3.7,88.1,516
PID003159,Toys & Games,Budget,9.55,25.1,1480.53,,334,3.2,93.2,211
PID003160,Furniture,Premium,,4.5,4747.23,75.21,159,4.2,83.7,44
PID003161,Grocery,Budget,13.68,10.6,557.02,23.08,252,3.2,79.1,5
PID003162,Home & Kitchen,Mid-range,61.72,15.3,3453.32,20.31,360,3.7,,271
PID003163,Furniture,Mid-range,256.15,14.8,3919.88,315.29,209,4.3,89.2,481
PID003164,Apparel,Mid-range,32.69,8,3280.75,74.28,287,3.3,89.9,259
PID003165,Beauty & Personal Care,Mid-range,34.84,11,6553.54,51.95,286,4,80.2,582
PID003166,Apparel,Mid-range,52.77,15.1,1912.25,85.33,175,3.4,,36
PID003167,Home & Kitchen,Budget,38.16,18.6,3722.4,20.31,458,4,85.5,459
PID003168,Electronics,Mid-range,186.94,15.5,1440.66,147.82,170,3.8,79.9,47
PID003169,Apparel,Mid-range,22.7,12.2,3376.23,18.06,253,3.5,90.2,174
PID003170,Grocery,Budget,18.55,38.9,3548.57,109.72,380,4,79.2,538
PID003171,Apparel,Budget,20.96,37.5,3504.55,116.28,381,3.6,99,641
PID003172,Apparel,Budget,28.16,12.8,2385.09,103.69,310,3.2,91.3,208
PID003173,Apparel,Midrange,50.79,21.1,4082.04,45.5,,4.2,88.5,306
PID003174,Sports & Fitness,Mid-range,26.58,19.6,2067.2,19.19,338,4,89.5,270
PID003175,Beauty & Personal Care,Mid-range,30.56,17.1,4435.3,48.27,260,4.6,95.7,564
PID003176,Furniture,Premium,602.72,9.8,5834.67,49,212,,69,5
PID003177,Home & Kitchen,Premium,81.81,5.7,2212.02,166.74,104,4.2,98.1,306
PID003178,Home & Kitchen,Mid-range,49.78,3.3,4990.14,81.73,368,3.6,97.8,407
PID003179,Furniture,Mid-range,362.41,5,5751.88,49,261,3.6,90.3,77
PID003180,Toys & Games,Mid-range,26.46,33.1,2812.02,138.64,321,3.1,93.9,407
PID003181,Furniture,Budget,203.44,4,3143.91,278.12,300,3.5,68.5,156
PID003182,Toys & Games,Budget,34,8.9,2082.56,53.49,598,3.8,80.8,277
PID003183,,Budget,28.09,8.6,3561.76,16.6,386,3,100,138
PID003184,Apparel,Budget,32.48,13.7,3423.51,155.52,561,3.9,100,643
PID003185,Sports & Fitness,Mid-range,52.38,8.9,3363.52,32.8,344,3.5,84.6,158
PID003186,Sports & Fitness,Mid-range,52.17,14.7,2357.46,19.19,229,3.3,95,107
PID003187,Furniture,Mid-range,236.15,6.7,2414.68,377.73,221,3.6,85.2,342
PID003188,Apparel,Mid-range,22.45,10.1,3935.26,41.86,162,3.9,76.6,120
PID003189,Grocery,Premium,31.32,10.9,6349.44,67.33,90,4.3,98.3,403
PID003190,Electronics,Premium,263.08,17,3374.23,180.86,124,3.8,77.9,124
PID003191,Apparel,Budget,,39.2,2615.51,35.76,504,3.9,79.9,495
PID003192,Home & Kitchen,Premium,117.01,10.9,7990.28,172.2,73,4.5,75.1,475
PID003193,Home & Kitchen,Budget,42.19,11.6,150,76.73,592,3.3,66.2,138
PID003194,Electronics,Mid-range,144.77,10.8,2217.72,41.12,268,3.8,87.3,130
PID003195,Grocery,Budget,7.64,11.5,1534.9,84.79,556,3.9,87.2,387
PID003196,Beauty & Personal Care,Premium,23.05,11.7,10287.73,81.91,120,4.4,87.7,757
PID003197,Toys & Games,Budget,36.93,15.3,3959.83,,499,3.4,87.7,350
PID003198,Beauty & Personal Care,Budget,20.24,9.7,4325.81,21.25,547,3.1,85.7,281
PID003199,Apparel,Mid-range,25.91,23.2,5237.91,162.41,195,3.6,82,383
PID003200,Toys & Games,Mid-range,27.86,12.6,3812.75,115.47,350,3.5,92.9,274
PID003201,Grocery,Budget,20.45,31,1820.39,76.87,336,3,85.8,201
PID003202,Apparel,Premium,61.09,1.6,2509.22,18.06,96,3.3,74,5
PID003203,Electronics,Mid-range,210.91,,3394.5,90.62,216,3.3,92.2,5
PID003204,Furniture,Premium,534.66,11.6,2322.07,129.33,164,3.9,92.7,5
PID003205,Apparrel,Budget,39.33,40.5,2962.16,73.69,467,3.5,100,582
PID003206,,Mid-range,40.58,8.5,5171.93,16.6,221,4.2,97.8,392
PID003207,Beauty & Personal Care,Budget,12.76,53.1,1149.9,115.85,264,3.4,68.8,472
PID003208,Furniture,Budget,390.25,16.4,6628.91,331.55,331,2.7,95.3,455
PID003209,Beauty & Personal Care,Premium,50.83,2.3,4715.8,62.47,,3.9,70.7,171
PID003210,,Premium,37.85,16,3409.39,56.7,153,3.6,92.9,130
PID003211,Beauty & Personal Care,Mid-range,14.25,21.9,5318.11,77.82,122,3.5,77.7,268
PID003212,Toys & Games,Mid-range,42.12,33,2647.77,37.14,368,4.2,78.4,433
PID003213,Home & Kitchen,Mid-range,83.35,23.8,4231.01,62.22,172,3.8,66.2,187
PID003214,Apparel,Mid-range,31.64,14.7,8052.14,19.66,304,3.6,84.1,426
PID003215,Home & Kitchen,Mid-range,72.05,8.1,308.76,79.38,140,3.1,78.4,5
PID003216,Electronics,Mid-range,197.32,15.6,2102.45,244.04,310,4,92.7,445
PID003217,Electronics,Mid-range,114.19,14.7,6999.79,210.19,212,,96.2,578
PID003218,Home & Kitchen,Premium,93.7,11.3,,20.31,129,,68.8,116
PID003219,,Mid-range,26.21,8.7,4710.28,73.68,323,3.8,88.4,281
PID003220,Furniture,Premium,564.27,9.6,10149.16,163.5,209,4.6,79.9,413
PID003221,Electronics,Budget,121.88,27,2492.48,188.21,442,3.2,68,304
PID003222,Toys & Games,Budget,9.02,14.2,1801.03,125.16,564,3.2,99.2,379
PID003223,Sports & Fitness,Mid-range,67.59,3.5,5597.06,131.5,155,3.7,57.2,87
PID003224,Home & Kitchen,Budget,43.65,46.5,3848.15,70.83,524,3.2,93.6,589
PID003225,Grocery,Budget,11.09,21.5,2792.43,109.67,348,3.6,82.7,373
PID003226,Grocery,Budget,15.34,34.3,,54.08,387,4.1,70,376
PID003227,Home & Kitchen,Mid-range,70.95,17.9,5956.9,22.19,126,,81.2,223
PID003228,Apparel,Mid-range,44.03,41.3,1644.67,18.06,245,4.2,87.5,328
PID003229,Grocery,Budget,11.9,38.1,4844.31,58.83,393,3.8,81.3,498
PID003230,Beauty & Personal Care,Budget,9.62,7.1,3503.36,69.92,,3.5,78.3,202
PID003231,Grocery,Budget,17.13,44.5,1772.81,79.05,282,3.6,79.3,410
PID003232,Furniture,Premium,465.83,3.4,3348.65,49,78,,90.8,5
PID003233,Grocery,Budget,19.13,23.8,2271.48,46.89,323,3.6,87.2,188
PID003234,Electronics,Premium,623.42,4.3,8115.33,48.86,92,4,75.3,5
PID003235,Furniture,Mid-range,390.37,22,3118.95,160.04,374,4.4,71.5,249
PID003236,Grocery,Mid-range,6.73,6.1,3064.38,52.68,263,3.9,98.3,285
PID003237,Apparel,Mid-range,59.45,12.1,3917.57,152.59,252,3.6,72.3,231
PID003238,Home & Kitchen,Budget,53.95,13.9,1764.87,117.67,451,3.1,76,152
PID003239,,Budget,14.26,9.2,150,92.81,436,3.7,85.1,220
PID003240,Grocery,Budget,9.59,5.2,,48.36,344,3.7,77.3,342
PID003241,Toys & Games,Premium,37.88,9.3,5202.48,153.69,157,4.2,93.1,420
PID003242,,Budget,28.34,11,4405.57,117.03,334,3,93.1,265
PID003243,Home & Kitchen,Premium,92.08,19.3,3810.45,77.8,188,4,81.9,297
PID003244,Apparel,Budget,29.18,38.6,2437.94,18.06,559,4,89.5,581
PID003245,Electronics,Mid-range,206.12,32,5569.93,254.26,196,3.9,70.2,452
PID003246,Grocery,Mid-range,11.97,9.6,1082.96,105.08,268,4.1,61.2,105
PID003247,Toys & Games,Budget,20.69,29.5,2629.27,76.73,249,3.5,90,298
PID003248,Apparel,Mid-range,49.53,5.2,,62.23,173,3,70.1,5
PID001705,Sports & Fitness,Budget,52.23,26.8,1539.03,98.51,334,3.5,92.8,233
PID003250,Apparel,Mid-range,25.49,9.1,5771.55,78.01,303,4.6,99.4,596
PID003251,Electronics,Premium,499.8,7,8561.69,197.51,118,4.6,74.1,255
PID003252,Electronics,Budget,272.69,31.4,2373.57,41.12,405,3.4,82.1,216
PID003253,Grocery,Budget,14.66,13.1,3496.17,18.45,554,3.5,78.5,302
PID003254,Toys & Games,Budget,11.82,37.3,3565.35,26.51,226,3.3,62.1,165
PID003255,Home & Kitchen,Budget,41.36,24.2,4915.05,92.92,552,3.6,100,639
PID003256,Apparel,Budget,28.17,28.3,4855.92,144.99,537,3.7,89.4,676
PID003257,Sports & Fitness,Budget,21.7,15.5,3378.05,90.15,515,3.2,63.4,290
PID003258,Apparel,Mid-range,32.8,0.9,3822.64,124.16,263,3.8,86.5,287
PID003259,Apparel,Mid-range,60.17,20.2,,193.17,153,4.2,51.9,268
PID003260,Apparel,Budget,31.37,19.2,5771.94,32.73,274,3.7,83.7,285
PID003261,Electronics,Premium,,9.9,6714.33,41.12,193,4.7,88.3,300
PID003262,Electronics,Premium,285.96,2,4743.99,106.65,70,4,80,71
PID003263,Grocery,Budget,7.59,5.7,4285.98,47.63,222,3.6,70.9,116
PID003264,Sports & Fitness,Premium,32.6,9,3503.75,19.19,66,4,77.5,40
PID003265,,Budget,44.86,14.6,150,49.04,343,3.2,,21
PID003266,Grocery,Budget,11.09,8.6,3482.6,15.02,393,4.1,100,337
PID003267,Sports & Fitness,Budget,28.49,17.8,2746.52,134.79,252,4.2,84.6,411
PID003268,Beauty & Personal Care,premium,68.86,12.8,6364.71,16.15,95,4.8,96.9,567
PID003269,Apparel,Mid-range,55.5,4.6,4592.89,83.76,152,3.2,77.9,111
PID003270,Sports & Fitness,Budget,44.41,5.5,1993.71,96.21,419,3.3,84.2,38
PID003271,Grocery,Mid-range,26.96,5.5,4977.01,39.12,223,4.3,76.6,262
PID003272,Grocery,Budget,12.05,34,6247.29,29.11,,3.6,83.4,566
PID003273,Home & Kitchen,Premium,102.81,14.4,2844.66,98.76,167,3.9,71.8,82
PID003274,Home & Kitchen,Premium,183.85,16.4,6541.8,37,102,4.2,81.3,279
PID003275,Toys & Games,Premium,91.58,3.4,8072.76,27.8,117,3.7,88.2,250
PID003276,Apparel,Premium,60.42,14.2,9947.2,63.31,161,4.2,89.2,594
PID003277,Electronics,Premium,400.77,7.3,5389.41,256.39,96,4.6,97.8,355
PID003278,Beauty & Personal Care,Budget,16.72,29.6,4270.72,16.15,419,3.5,74.3,353
PID003279,Apparel,Mid-range,27.61,19.9,4177.4,86.54,189,3.7,83.2,282
PID003280,Grocery,Mid-range,17.31,5.2,3662.08,94.65,283,4.1,90.2,326
PID003281,Electronics,Premium,329.8,17.6,150,60.31,128,4.3,64.6,5
PID003282,Beauty & Personal Care,Premium,40.13,3.8,9320.24,46.73,214,4.2,88.1,611
PID003283,Apparel,Budget,37.35,5.9,150,41.62,480,2.6,93.4,21
PID003284,Grocery,Budget,15.52,18.8,2840.13,57.49,267,4.3,88.8,497
PID003285,HOME & KITCHEN,Budget,21.07,32.4,812.52,57.56,267,3.6,86.4,288
PID003286,Beauty & Personal Care,Premium,25.78,11.7,5136.82,74.68,187,4.4,89.8,475
PID003287,Beauty & Personal Care,Mid-range,25.64,9.5,7570.67,71.86,338,4.2,78.7,557
PID003288,Grocery,Budget,7.62,29.3,2691.53,81.86,317,2.9,85.4,195
PID003289,Electronics,Premium,468.08,4.8,8110.58,176,190,4.2,86.9,353
PID003290,Grocery,Premium,30.17,,5076.39,80.29,205,4,77.1,200
PID003291,Beauty & Personal Care,Budget,19.63,7.9,5154.26,70.5,275,3.5,82.5,259
PID003292,Beauty & Personal Care,Budget,24.58,25.5,3823.91,104.93,466,3.7,91.7,619
PID003293,Sports & Fitness,Mid-range,48.45,23.7,1577.4,44.4,190,4.5,100,342
PID003294,Home & Kitchen,Budget,52.91,6.8,1664.63,246.76,239,3.4,89.7,274
PID003295,Beauty & Personal Care,Premium,16.49,1.6,2494.06,16.15,92,4,92.2,21
PID003296,Apparel,Premium,63.36,6.4,2722.82,67.86,140,4.5,58.5,61
PID003297,,Premium,63.5,5.6,3341.35,19.9,205,4.4,85.4,264
PID003847,Electronic,Mid-range,223.39,4.9,4027.38,41.12,139,4.2,87.5,5
PID003299,Furniture,Mid-range,431.96,14.4,5900.9,370.31,339,3.1,88.5,348
PID003300,Electronics,Premium,364.2,10.2,18194.49744,96.24,187,4.4,91.2,147
PID003301,Apparel,Mid-range,48.16,7.8,6429.66,91.75,374,3.6,90.1,386
PID003302,Electronics,Premium,359.16,6.1,8025.51,206.34,196,4.8,82.5,521
PID003303,Toys & Games,mid-range,21.57,18.6,1237.61,32.41,226,3.7,75.5,65
PID003304,Electronics,Mid-range,304.33,3.2,2440.14,162.33,368,3.9,91.7,255
PID003305,Home & Kitchen,Mid-range,36.97,14.6,4089.81,20.31,150,3.9,100,182
PID003306,Toys & Games,Budget,18.72,23.8,2337.61,16.6,331,3.3,94.4,218
PID003307,Sports & Fitness,Mid-range,67.27,3.6,2168.38,63.5,176,4.3,87.7,215
PID003308,Beauty & Personal Care,Premium,44.43,4.1,8061.42,26.58,192,4.7,,527
PID003309,Sports & Fitness,Mid-range,38.69,30.3,3880,19.19,250,4.1,84.9,376
PID003310,Beauty & Personal Care,,26.2,9.4,4317.71,47.02,522,4.5,85.9,617
PID003311,Beauty & Personal Care,Mid-range,16.14,13.4,10091.47,98.74,222,4,83.1,772
PID003312,Home & Kitchen,Mid-range,93.24,5.5,1944.12,98.07,145,3.5,73.3,5
PID003313,Electronics,Mid-range,149.95,5.4,2248.9,343.36,186,3.8,94.9,374
PID003314,Sports & Fitness,Mid-range,47.5,6.7,2555.15,61.19,358,3.8,96.3,198
PID003315,Apparel,Premium,102.61,11.8,5287.96,130,105,4.4,100,474
PID003316,Toys & Games,Budget,19.05,6.4,,16.6,346,3.2,,33
PID003317,Toys & Games,Budget,13.01,13.2,4029.48,96.32,551,3.6,92.9,435
PID003318,Home & Kitchen,Mid-range,70.33,17,2924.28,20.31,377,3.8,86.9,310
PID003319,Apparel,Premium,82.36,23.3,150,18.06,154,4.7,86.7,218
PID003320,Home & Kitchen,Budget,48.99,5.4,5783.53,25.69,381,3.7,83.7,373
PID003321,Electronics,Premium,386.79,11.1,,186.74,206,3.8,93.4,161
PID003322,Electronics,Premium,565.39,3.6,3778.98,154.59,,4.1,89.2,5
PID003323,Toys & Games,Budget,19.05,19.2,3410.6,101.28,579,2.8,72.5,266
PID003324,Electronics,Mid-range,276.31,15.8,2298.67,41.12,219,4.1,90.9,74
PID003325,Apparel,Mid-range,79.56,11.2,5425.43,56.06,294,4.3,67.5,326
PID003326,Apparel,Mid-range,45.12,28,6416.72,18.22,138,4,90.9,402
PID003327,Furniture,Mid-range,198.72,6.6,5735.04,437.7,262,3.1,82.2,490
PID003328,Electronics,Mid-range,83.48,31.2,3958,314.26,205,4.4,63.9,645
PID003329,Furniture,Premium,1026.17,13.6,1961.26,324.07,182,4.7,82.6,5
PID003330,Electronics,Mid-range,337.63,17.4,1277.73,78.9,304,4,81.7,15
PID003331,Grocery,Budget,15.19,6,4340.28,55.63,518,3.4,,278
PID003332,Electronics,Premium,325.18,1.3,6734.43,261.95,202,4.5,88.6,474
PID003333,Beauty & Personal Care,Mid-range,28.46,18.1,4160.93,106.53,187,3.6,100,398
PID003334,Beauty & Personal Care,Premium,51.96,9.2,2774.64,,86,4.2,89.8,144
PID003335,Furniture,Mid-range,490.27,18.7,4922.05,49,306,3.3,79.9,5
PID003336,Apparel,Premium,71.31,5.2,4578.72,108.45,98,4.5,80.5,252
PID003337,Grocery,Mid-range,22.25,22.3,4570.57,86.86,236,3.7,75.4,365
PID003338,Apparel,Budget,39.75,28.5,4558.32,99.43,321,3.3,79.7,358
PID003339,,Mid-range,36.1,4.4,5330.25,118.06,334,4,93.3,536
PID003340,Beauty & Personal Care,Premium,56.25,3.8,264.02,59.06,109,4.6,88.4,54
PID003341,Electronics,Mid-range,,9.9,4119.67,151.59,302,4.5,71.5,276
PID003342,Toys & Games,Budget,16.28,9,5156.44,16.6,378,4.4,86.3,428
PID003343,Home & Kitchen,Budget,55.72,5,2084.87,20.31,527,4,86.6,239
PID003344,Home & Kitchen,Premium,124.52,18.5,3356.85,119.27,194,4.5,100,487
PID003345,Electronics,Budget,192.36,29.1,2449.32,283.76,387,3.5,80.3,461
PID003346,Electronics,Premium,548.02,2.2,2145.09,354.41,210,4,86.7,42
PID003347,Home & Kitchen,Budget,20.16,28.3,3371.12,84.42,246,3.3,97.1,353
PID003348,Apparel,Mid-range,25.75,4.2,5899.12,102.52,149,4,99.4,453
PID003349,Grocery,Budget,15.27,31.6,2462.03,33.92,280,3.9,100,341
PID003350,Electronics,Budget,114.59,48,5579.79,319.99,337,3.4,74.5,751
PID003351,Grocery,Budget,16.86,8.5,6202,51.13,252,3.5,83.7,279
PID003352,Grocery,Budget,13.67,10.5,3586.56,60.82,229,3.7,100,250
PID003353,Apparel,Mid-range,29.42,8.4,4111.7,21.39,312,3.2,88.7,166
PID003354,Beauty & Personal Care,Mid-range,16.48,18.9,,16.15,122,4,84.7,237
PID003355,Electronics,Mid-range,296.84,20.4,5456.28,366.87,198,4,74.1,497
PID003356,Furniture,Premium,539.34,10,6436.77,153.35,154,4.2,93.9,202
PID003357,Grocery,Budget,8.21,9.1,2873.73,67.38,427,3.3,86.9,347
PID003358,Furniture,Mid-range,228.78,13.7,6624.57,49,345,4.2,79,355
PID003359,Beauty & Personal Care,Budget,14.15,43.4,5708.52,75.42,351,3.1,92.2,696
PID003360,Sports & Fitness,Mid-range,47.8,22.2,4003.78,79.18,120,3.4,74.7,171
PID003361,Furniture,Mid-range,,25.1,4861.86,49,263,3.9,100,359
PID003362,Electronics,Mid-range,239.53,22.2,4619.26,176.81,179,4,95.6,363
PID003363,Beauty & Personal Care,,20.32,16.7,5229.33,78.85,156,3.4,80.9,359
PID003364,Apparel,Budget,11.77,19.7,3706.92,113.61,436,4.4,85.8,589
PID003365,Sports & Fitness,Mid-range,57.6,23.7,874.83,121.03,369,4.4,79,354
PID003366,Electronics,Mid-range,280.22,6.4,4553.41,309.07,187,3.7,93.4,336
PID003367,Grocery,Budget,12.48,6.3,2796.81,59.47,417,3.5,86.9,239
PID003368,Home & Kitchen,Mid-range,29.01,9.2,5743.38,61.57,175,4.2,83.3,286
PID003369,Toys & Games,Premium,51.73,5.3,5197.15,64.12,117,4.3,84.6,228
PID003370,Toys & Games,Premium,69.73,3.3,6043.13,143.68,124,4.2,87.9,314
PID003371,Apparel,Budget,32.54,16.4,2816.2,83.92,430,3.6,97.4,361
PID003372,Apparel,Mid-range,26.4,19.8,6510.67,67.85,194,3.8,81.6,370
PID003373,Grocery,Budget,10.6,11,585.74,74.66,498,3.3,84.2,187
PID003374,Electronics,Budget,136.77,43,5121.25,313.8,579,3.7,70.1,825
PID003375,Home & Kitchen,Mid-range,102.4,27.5,5359.33,176.51,285,3,75.2,322
PID003376,Apparel,Budget,16.73,18.2,4241.1,18.06,,2.9,90.6,281
PID003377,Furniture,Budget,245.46,21.8,4980.54,514.57,335,4,100,947
PID003378,Home & Kitchen,,88.45,27,3128.29,101.02,358,3.4,91.2,372
PID003379,,Mid-range,63.04,14.4,5127.37,55.22,318,4.4,66.9,300
PID003380,Toys & Games,Mid-range,48.05,8.1,8792.31,100.69,298,4.2,89.2,539
PID003381,Home & Kitchen,Budget,49.14,11,7444.71,20.31,505,3.6,89,555
PID003382,Grocery,budget,7.22,26.3,4664.68,22.47,527,4,83.4,514
PID003383,Beauty & Personal Care,Mid-range,31.2,36.4,3526.51,58.07,191,4.5,79.2,530
PID003384,Apparel,Premium,56.02,23.4,5712.21,60.36,183,4,95,425
PID003385,Apparel,Budget,25.06,3.4,7407.83,135.43,316,3.4,68.2,262
PID003386,Apparel,Budget,27.03,32.9,4486.55,76.64,257,3.7,90.8,448
PID003387,Toys & Games,Mid-range,22.98,12.3,4138.04,16.6,189,4.6,86.4,389
PID003388,,Mid-range,97.18,,5392.62,60.96,354,3.9,91.2,431
PID003389,Apparel,Mid-range,41.8,23.5,4691.03,44.82,225,4.3,75.2,377
PID003390,,Mid-range,16.92,16,5323.54,40.63,314,,100,382
PID003391,Grocery,Budget,10.53,5.4,4925.39,58.1,336,3.7,64.6,152
PID003392,Furniture,Premium,690.38,9.2,3855.3,137.81,155,3.7,85.2,5
PID003393,Beauty & Personal Care,Mid-range,22.63,7.2,6336.39,126.04,211,4.9,83.3,640
PID003394,Toys & Games,Premium,18.31,11.3,9754.39,51.46,160,4.5,98.3,650
PID003395,Toys & Games,Mid-range,32.18,23.7,2638.85,16.6,203,6.2,78.5,13
PID003396,Toys & Games,Budget,27.23,19.5,4043.94,68.38,521,3.6,,421
PID003397,Grocery,Mid-range,11.94,7.8,4488.46,94.01,321,4.2,79.7,423
PID003398,Furniture,Budget,244.47,36.9,4983.06,49,475,3.3,100,498
PID003399,Furniture,Mid-range,249.25,10.1,3481.16,137.67,252,4.2,67.3,120
PID003400,Electronics,Budget,153.76,20.4,4310.58,41.12,528,3.9,95.7,536
PID003401,Apparel,Mid-range,36.71,16,4153.79,74.62,273,3.5,98.7,394
PID003402,Beauty & Personal Care,Budget,27.07,23.3,4588.78,83.48,271,3.6,79.5,430
PID003403,Apparel,Mid-range,57.61,24,1126.62,69.03,365,3.5,100,306
PID003404,Home & Kitchen,Budget,28.59,24.1,2544.67,108.41,501,4.1,89.8,578
PID003405,FURNITURE,Mid-range,305.41,15.9,5737.86,200.36,182,4.3,85.4,415
PID003406,Electronics,Mid-range,280.08,27,150,137.25,272,3.5,85.1,31
PID003407,Grocery,Mid-range,10.67,15.8,3893.11,37.55,139,3.3,87.6,157
PID003408,Home & Kitchen,Premium,126.36,5.1,5470.23,69.17,119,4.4,100,324
PID003409,Beauty & Personal Care,Premium,23.51,5.4,6542.26,76.56,218,3.7,100,463
PID003410,Furniture,Premium,407.85,14,9337.62,225.24,99,4.6,76.9,460
PID003411,Grocery,Budget,12.15,22,3048.62,86.03,241,3,83.9,199
PID003412,Furniture,Mid-range,368.63,5.6,5919.22,49,359,3,86.3,20
PID003413,Electronics,Premium,364.1,16.9,3566.19,202.62,144,4.5,69,128
PID003414,Sports & Fitness,Mid-range,36.72,9.4,4522.39,64.68,282,4.5,88.9,469
PID003415,Beauty & Personal Care,Budget,16.8,33.4,1414.44,71.79,378,3.5,94.2,557
PID003416,Apparel,Mid-range,24.79,11.5,4727.74,56.23,283,4.3,82,417
PID003417,Electronics,Premium,587.3,12.4,8092.01,167.35,121,4.1,86.7,217
PID003418,Apparel,Mid-range,82.89,32.4,4052.3,18.06,191,3.6,90.8,338
PID003419,Grocery,Mid-range,11.48,24.1,2332.85,60.8,249,3.6,59.3,130
PID003420,Beauty & Personal Care,Budget,6.95,25.3,3407.78,81.14,344,2.9,86,268
PID003421,Electronics,Budget,146.26,30.4,3719.31,130.49,381,2.8,89.2,291
PID003422,Furniture,Mid-range,391.46,13,3503.71,406.24,255,3.8,75,289
PID003423,Electronics,Budget,164.93,31.6,1961.71,159.2,526,3.1,87.2,354
PID003424,Home & Kitchen,Mid-range,8.505540382,26.2,1307.6,20.31,284,3.7,68.9,187
PID003425,Sports & Fitness,Mid-range,69.1,2,3009.15,96.44,262,4,80.8,182
PID003426,Toys & Games,Mid-range,38.63,16.5,5191.52,16.6,201,3.6,79.7,187
PID003427,Beauty & Personal Care,Budget,14.49,26.1,3296.85,37.73,253,4.1,63.9,339
PID003428,Sports & Fitness,Mid-range,77.23,17.2,2731.77,77.54,335,3.8,70.3,190
PID003429,Beauty & Personal Care,Premium,24.43,4.5,2406.45,56.95,,4.1,62.1,5
PID003430,Apparel,Mid-range,58.12,3.6,3260.58,120.3,138,3.7,88.6,183
PID003431,Beauty & Personal Care,Budget,22.85,34.9,5100.58,16.15,550,3.4,92.5,697
PID003432,Electronics,Mid-range,258.68,12.5,2954.96,41.12,149,3.8,78.3,5
PID003433,Apparel,Budget,22.7,18.2,4900.38,44.12,452,3.5,90.2,404
PID003434,Apparel,Premium,27.99,19.7,5504.45,34.88,66,4.4,91.4,404
PID003435,Home & Kitchen,Premium,62.97,2.3,3448.17,58.06,180,4.1,79.7,94
PID003436,Apparel,Mid-range,33,8.2,5122.07,44.74,265,4.1,68.8,268
PID003437,Grocery,Premium,30.4,16.6,10292.07,40.59,155,4.3,83.9,592
PID003438,Beauty & Personal Care,Mid-range,23.18,1.1,4961.45,137.5,167,4.2,80.9,284
PID003439,Furniture,Mid-range,314.74,16.4,4053.48,299.9,336,4.3,91.4,496
PID003440,Home & Kitchen,Budget,36.68,46.5,3687.82,171.93,579,3.8,100,832
PID003441,Toys & Games,Mid-range,16.39,33.6,4709.81,114.9,271,4.2,100,607
PID003442,Furniture,Premium,557.01,10.4,6371.71,274.09,79,4.5,90.2,282
PID003443,Electronics,Budget,135.41,13.7,1642.43,111.38,431,3.1,66.2,23
PID003444,Grocery,Budget,16.12,,4958.15,78.47,401,3.4,75.1,235
PID003445,Sports & Fitness,Budget,,17.6,1502.14,19.19,268,3,86.6,19
PID003446,Home & Kitchen,Mid-range,81.33,12.9,6489.07,129.18,366,4,100,632
PID003447,Toys & Games,Budget,16.33,34,2388.3,68.43,345,4.1,76.3,371
PID003448,Grocery,Mid-range,10.62,31.1,3594.9,104.04,316,3.3,99.7,461
PID003449,Grocery,Budget,,22.1,1515.34,130.06,320,3.2,82.3,123
PID003450,Apparel,Mid-range,20.1,26.2,2885.38,87.31,226,3.7,,431
PID003451,Home & Kitchen,Budget,23.36,7.8,4635.54,24.37,412,3.3,81.9,231
PID003452,Electronics,Premium,275.25,8.7,9047.5,41.12,,4.4,82,337
PID003453,Electronics,Premium,591.03,0.8,3690.52,41.12,201,4.1,69.2,5
PID003454,Toys & Games,Premium,77.98,7.9,3067.49,107.34,171,4.5,81.3,150
PID003455,,Mid-range,41.64,23.5,6049.98,79.54,179,4.1,82.2,412
PID003456,Electronics,Mid-range,203.23,26.1,4931.37,222.72,349,4,83.1,517
PID003457,Beauty & Personal Care,Mid-range,35.82,12.1,6396.28,65.11,213,3.9,90.5,485
PID003458,Electronics,Premium,308.72,11.1,7252.38,118.39,145,3.9,67.5,97
PID003459,Furniture,Mid-range,236.35,5.9,2567.35,59.82,,4.4,88.5,116
PID003460,Electronics,Mid-range,283.4,16.3,3053.83,157.88,351,3.7,76.9,259
PID003461,Furniture,Premium,503.12,18.5,8346.74,233.97,159,3.9,88,472
PID003462,Sports & Fitness,Budget,17.08,21.3,4313.96,81.84,553,3.7,89.6,600
PID003463,Beauty & Personal Care,Budget,20.39,21.4,,93.26,265,3.6,94.3,334
PID003464,Beauty & Personal Care,,31.48,4.7,7702.62,70.49,111,4.6,82.6,505
PID003465,Grocery,Budget,14.29,19.4,5357.9,101.96,479,3.5,72.5,417
PID003466,Toys & Games,Mid-range,36.7,18.5,4506.55,37.34,198,4.2,83.3,313
PID003467,Furniture,Mid-range,344.98,10.1,3402.3,87.39,121,4.2,98,112
PID003468,Toys & Games,Mid-range,46.8,20.2,3911.6,83.21,375,4.3,86.3,468
PID003469,Beauty & Personal Care,Premium,53.23,10.3,6009.19,109.17,219,4.5,84.7,535
PID003470,Grocery,Budget,9.8,,7423.38,27.74,303,3.3,85.6,645
PID003471,Grocery,Budget,11.35,15,1753.28,69.22,507,4.3,84.8,407
PID003472,Home & Kitchen,Mid-range,23.66,9,,49.82,237,3.6,74.3,101
PID003473,Home & Kitchen,Budget,39.13,15.9,2750.69,112.07,308,3.1,87.4,277
PID003474,Sports & Fitness,Budget,23.31,35.5,5885.11,117.06,500,3.7,74.2,644
PID003475,Furniture,Budget,251.66,16.7,2573.21,267.31,365,3.3,72.8,231
PID003476,Grocery,Budget,14.95,16.2,4077.06,85.44,352,3.4,76.8,274
PID003477,Furniture,Mid-range,,23.6,3838.74,325.91,325,3.6,83.1,503
PID003478,Apparel,Budget,21.17,14.1,3907.96,20.34,274,3.2,87.1,117
PID003479,Beauty & Personal Care,Budget,22.84,15.9,5128.14,70.92,584,3.2,76.2,525
PID003480,Sports & Fitness,Mid-range,41.02,22.9,6291.47,107.18,,3.5,84.9,540
PID003481,Beauty & Personal Care,Premium,41.48,8.2,3758.82,75.39,220,4.1,100,454
PID003482,Home & Kitchen,Budget,48.74,23.9,3700.58,30.04,473,4.3,93.4,575
PID003483,Furniture,Mid-range,288.28,11.9,5097.66,232,274,3.8,86.3,332
PID003484,,Premium,125.26,3.5,5171.34,142.43,64,4.8,87.1,397
PID003485,Home & Kitchen,Budget,41.13,16,6448.49,99.49,339,3,90.4,392
PID003486,Home and Kitchen,Mid-range,80.42,21.7,3946.99,118.62,265,3.9,84.8,366
PID003487,Grocery,Budget,13.9,13.3,1443.47,78.3,564,3.2,75.6,256
PID003488,Electronics,Budget,143.62,9.6,6405.51,127.15,359,3.9,58.5,329
PID003489,Grocery,Budget,13.11,3.3,2084.03,15.02,363,3.3,85.7,101
PID003490,Beauty & Personal Care,Mid-range,32.59,12.5,3916.06,,324,4.2,88.9,533
PID003491,Beauty & Personal Care,Premium,29.08,12.2,1686.33,104.6,116,4.3,79.5,256
PID003492,apparel,Budget,29.75,9.8,5635.62,52.22,323,4,72.4,285
PID003493,Grocery,Mid-range,15.73,10.9,972.58,66.25,197,3.7,92.7,61
PID003494,Toys & Games,Budget,16.51,44.5,2788.88,16.6,574,3.6,97.2,593
PID003495,Beauty & Personal Care,Premium,51.83,7.9,10196.94,102,134,4.7,81.9,764
PID003496,Beauty & Personal Care,Mid-range,18.98,1.7,1128.91,78.1,269,3.7,94.4,173
PID003497,Sports & Fitness,Budget,28.41,40.5,3139.01,96.55,515,3.6,92,639
PID003498,Home & Kitchen,Premium,92.78,11.7,5747.13,123.21,70,4.7,86.3,423
PID003499,Electronics,Budget,180.89,29.1,3207.84,189.14,547,3.5,92.4,700
PID003500,Beauty & Personal Care,Budget,14.7,5.2,3446.48,54.19,445,3.1,89,294
PID003501,Beauty & Personal Care,Premium,38.67,12.8,5073.42,25.52,152,4.9,88,436
PID003502,Electronics,Mid-range,224.79,10.5,3885.36,41.12,282,3.9,95.4,265
PID003503,Grocery,Budget,15.48,5.4,4011.62,71.8,367,3.3,78,157
PID003504,Toys & Games,Mid-range,20.67,21.6,4369.81,31.33,307,4,,398
PID003505,Beauty & Personal Care,Premium,61.83,11.2,9450.36,110.41,214,4.5,89.6,751
PID003506,Home & Kitchen,Budget,,39.8,7491.01,46.47,589,4,81.7,866
PID003507,Home & Kitchen,Premium,108.09,13.6,4912.12,95.35,,4.1,76.8,229
PID003508,Home & Kitchen,Mid-range,54.91,18.8,2962.54,52.26,227,3.3,78.8,91
PID003509,Beauty & Personal Care,Mid-range,22.77,18.6,3086.82,62.36,338,3.9,98.7,447
PID003510,Home & Kitchen,Budget,73.03,42.7,3679.52,85.34,309,3.1,86.8,373
PID003511,Sports & Fitness,Mid-range,23.9,8,3122.86,71.31,233,4.7,82.7,382
PID003512,Apparel,Premium,129.95,14.6,4242.24,29.69,137,4.1,75.6,87
PID003513,Home & Kitchen,Premium,155.09,4.7,1403.59,20.31,82,4.4,92.7,5
PID003514,Electronics,Mid-range,272.3,28.3,,41.12,299,4,77.5,395
PID003515,Apparel,Budget,23.32,32.9,2669.57,18.06,347,3.8,100,434
PID003516,Sports & Fitness,Budget,41.81,13.1,1773.68,26.4,,3.3,81,173
PID003517,Grocery,Budget,18.94,4.7,3399.91,31.31,458,3.1,77.8,100
PID003518,Furniture,Mid-range,300.1,6.1,,203.27,155,3.4,77.2,5
PID003519,Toys & Games,Mid-range,28.62,15.6,3064.47,77.65,346,4.5,88.2,437
PID003520,Electronics,Mid-range,209.24,26.3,1765.61,193.38,179,3.9,82.2,275
PID003521,Apparel,Budget,31.28,12.4,3795.76,18.06,530,3.6,83.3,296
PID003522,Electronics,Mid-range,228.29,9.4,6070.15,224.94,280,3.6,73.8,312
PID003523,Home & Kitchen,Budget,50.74,22.1,2517.6,67.64,355,4,99.8,441
PID003524,Electronics,Mid-range,312.92,26.8,4347.75,282.21,239,3.7,93.2,514
PID003525,Furniture,Mid-range,191.76,16.8,2771.24,49,258,3.8,83.1,120
PID003526,Grocery,Mid-range,22.5,10.5,3141.7,68.26,180,3.4,76.7,75
PID003527,Home & Kitchen,Budget,41,36.1,4340.59,122.81,368,3.1,86.2,430
PID003528,Electronics,Premium,434.71,7.2,5770.96,41.12,101,4.2,89.8,44
PID003529,Furniture,Budget,246.75,21.2,3415.5,49,296,2.9,94.9,83
PID003530,Electronics,Mid-range,198.71,5.7,4172.66,77.12,143,3.9,96.5,205
PID003531,Toys & Games,Budget,24.18,16.4,2921.58,16.6,497,4.4,80,467
PID003532,Toys & Games,Budget,21.82,24.6,3617.51,27.81,540,3.3,,315
PID003533,Toys & Games,Premium,37.1,7.9,3573.22,16.6,162,4.8,88.9,299
PID003534,Beauty & Personal Care,Mid-range,9.12,5.9,7094.19,70.57,299,3.3,97.7,469
PID003535,Furniture,Mid-range,392.91,38.8,5179.86,168.42,372,4.3,80.5,596
PID003536,Beauty & Personal Care,Premium,35.98,7.5,6904.1,92.9,129,4.9,96.5,646
PID003537,Grocery,Mid-range,20.82,27.5,2702.03,102.46,371,4.8,100,653
PID003538,Electronics,Mid-range,,7.9,3897.24,41.12,329,4.3,86,210
PID003539,Apparel,Budget,33.8,31.8,1471.83,51.21,562,4.2,96.2,611
PID003540,Grocery,Mid-range,32.71,25.6,6657.18,97.33,229,3.4,65.5,279
PID003541,Furniture,Mid-range,306.38,19.9,4027.43,413.51,298,4.2,81.7,675
PID003542,Furniture,Premium,708.21,7.5,4955.94,295.46,125,4.4,91.1,109
PID003543,Furniture,Premium,541.5,10.4,5005.94,174.82,187,4.9,62.1,108
PID003544,Apparel,Budget,31.05,11.5,6881.19,151.97,508,3.6,77.7,548
PID003545,Toys & Games,Premium,48.82,4.4,4740.33,114.89,74,4.9,92,361
PID003546,Grocery,Budget,10.4,22.8,,52.33,,2.9,95.5,406
PID003547,Sports & Fitness,Premium,116.11,,7303.46,88.71,131,4.6,88.8,408
PID003548,Apparel,Budget,33.32,33.4,4827.42,56.69,492,3.5,85.7,454
PID003549,Toys & Games,Budget,21.98,4.7,5712.88,57.73,380,3.4,98.5,406
PID003550,Grocery,Budget,5.33,18.5,4168.65,46.87,583,3.4,100,599
PID003551,Toys & Games,Budget,20.34,24.6,566.71,80.72,278,3.8,75.2,131
PID003552,Grocery,Budget,13.28,24.3,2564.16,38.46,280,4,89.6,236
PID003553,Grocery,Budget,4.68,4.2,4073.75,53.82,313,3.2,100,275
PID003554,Home & Kitchen,Budget,55.83,11.4,4552.63,48.03,513,3.5,83.7,428
PID003555,Beauty & Personal Care,Mid-range,27.31,7.7,6164.56,125.32,132,3.9,100,399
PID003556,Home & Kitchen,Mid-range,69.24,17.7,5557.89,118.36,275,4.1,85.9,450
PID003557,Furniture,Mid-range,509.67,15.1,5590.72,155.23,372,4.7,96.3,439
PID003558,Beauty & Personal Care,Mid-range,24.8,8.5,6364.51,103.54,224,3.3,95.9,377
PID003559,Toys & Games,Premium,23.32,8.6,3591,48.12,84,4.4,91.3,213
PID003560,Electronics,Premium,157.36,14,8877.2,300.57,131,4,92.6,695
PID003561,Home & Kitchen,Premium,107.55,6,2555.12,55.59,191,3.8,91.9,116
PID003562,Apparel,Premium,35.08,5.6,5276.38,57.24,67,3.6,79.9,89
PID003563,,Budget,10.51,21,1736.57,61.28,433,4.1,94.7,354
PID003564,Furniture,Budget,287.84,6.3,1714.08,49,538,3.3,97.2,99
PID003565,Toys & Games,Mid-range,35.92,23.1,4229.96,137.76,,4.5,80.1,415
PID003566,Home & Kitchen,Budget,60.32,44.8,2511.31,82.93,494,3.6,90.5,499
PID003567,Apparel,Budget,41.98,19.5,3823.53,113.52,268,3.1,72.9,158
PID003568,Grocery,Budget,4.6,49.4,5072.35,97.22,275,2.6,88.7,396
PID003569,Sports & Fitness,Mid-range,379.8307357,2.6,3473.04,19.19,369,4,87.8,179
PID003570,Apparel,Premium,83,6.4,3264.93,134.57,140,4.5,94.8,347
PID003571,Beauty & Personal Care,Mid-range,30.49,10,,16.15,358,3.8,100,606
PID003572,Furniture,Premium,544.71,7.4,4737.64,149.33,164,4.1,77.3,5
PID003573,Grocery,Budget,13.84,20.6,3461.57,100.57,569,3.2,73.3,339
PID003574,Home & Kitchen,Mid-range,31.97,20.5,3874.99,75.94,344,4.1,82.7,451
PID003575,Apparel,Budget,39.46,13.4,3114.08,60.79,431,3.8,93.4,304
PID003576,Grocery,Mid-range,15.53,12.7,5307.47,51.98,331,4.3,95,466
PID003577,Beauty & Personal Care,Mid-range,19.26,21,,88.14,297,3.1,74.9,207
PID003578,Grocery,Budget,12.7,19.6,4570.03,30.4,524,3.5,93.4,399
PID003579,Beauty & Personal Care,Budget,14.57,29.4,4829.39,63.87,465,4.1,74.9,596
PID003580,Sports & Fitness,Mid-range,77.04,25.8,4797.51,19.19,379,3.8,93.3,482
PID003581,Beauty & Personal Care,Budget,27.41,31.5,5626.6,56.79,409,3.6,66.1,486
PID003582,Beauty & Personal Care,Premium,27.75,6.9,4097.36,47.56,164,3.6,100,276
PID003583,Beauty & Personal Care,Mid-range,32.97,36.9,6653.92,35.69,263,4.2,96.4,775
PID003584,Furniture,Premium,204.81,4.5,7851.76,179.35,81,4.4,91.7,434
PID003585,Electronics,Mid-range,250.18,18.2,5796.65,281.01,197,3.8,95,490
PID003586,Apparel,Mid-range,51.22,16.7,7760.89,41.49,360,4,96.3,584
PID003587,Sports & Fitness,Mid-range,72.7,3.2,4241.19,50.59,129,4.3,79.5,137
PID003588,Beauty & Personal Care,Mid-range,12.69,3.9,5548.3,36.11,373,3.2,84.3,310
PID003589,Furniture,Mid-range,414.4,34.8,3288.52,305.82,136,3.8,86.5,204
PID003590,Home & Kitchen,Premium,93.02,3.8,6299.93,179.28,157,3.6,77.1,239
PID003591,Home & Kitchen,Mid-range,53.68,25.9,5794.07,49.24,344,3.8,82.1,458
PID003592,Apparel,Budget,,21.5,150,106.66,244,3.4,100,191
PID003593,Electronics,Mid-range,248.24,9.4,3386.72,195.2,169,4.3,67.4,140
PID003594,Beauty & Personal Care,Mid-range,18.47,21.8,5439.3,91.9,124,4.4,70,397
PID003595,Toys & Games,Budget,19.46,15.1,4521.27,77.55,378,3.6,80.9,312
PID003596,Electronics,Mid-range,112.59,0.2,5263.83,278.45,216,4.2,96.9,586
PID003597,Electronics,Mid-range,241.99,5.1,2709.21,270.25,325,4.3,72.7,275
PID003598,Grocery,Mid-range,12.92,24.9,5169.22,40.91,335,4.1,95.4,554
PID003599,Electronics,Mid-range,367.52,19.9,5010.54,177.92,138,4.3,83,314
PID003600,Apparel,Mid-range,79.05,31.8,2345.94,105.11,184,4.5,82.1,368
PID003601,Grocery,Budget,11.65,56.5,3429.48,36.88,489,3.8,84.8,616
PID003602,Beauty & Personal Care,Budget,21.97,20.5,1498.63,16.15,286,3.5,97.6,132
PID003603,Furniture,Premium,717.46,5.8,6552.31,49,124,4.5,86.6,5
PID003604,Toys & Games,Premium,53.41,18.3,4588,123.87,111,4.7,77.7,423
PID003605,Beauty & Personal Care,Budget,24.53,28.4,3120.11,91.62,595,4.7,67.8,768
PID003606,Toys & Games,Budget,9.4,27.3,4967.6,75.74,514,3.7,84.2,500
PID003607,Home & Kitchen,Budget,,6.5,7394.35,94.13,,4.1,81.4,488
PID003608,Apparel,Mid-range,48.48,14,4581.36,106.64,304,3.9,100,407
PID003609,Apparel,Mid-range,27.08,28.4,771.71,34.9,,3.2,94,237
PID003610,Beauty & Personal Care,Budget,23.96,27.3,6520.82,32.42,479,3.2,93,706
PID003611,Electronics,Mid-range,191.93,18.8,4655.76,41.12,253,4.7,73.1,321
PID003612,Electronics,Premium,496.77,5.1,3292.04,206.89,145,3.4,85.6,5
PID003613,Apparel,Premium,28.05,13.2,6687.33,103.65,195,3.7,80.7,413
PID003614,Apparel,Mid-range,53.95,24.3,4509.7,29.59,250,3.5,91.6,413
PID003615,Beauty & Personal Care,Budget,25.62,17.9,3541.57,51.72,422,3.4,85.7,384
PID003616,Grocery,Mid-range,18.72,12.3,533.3876584,48.97,222,4.6,86.2,167
PID003617,Toys & Games,Mid-range,11.82,17.4,,94.37,,4,94.5,310
PID003618,Electronics,Budget,181.71,14.8,3893.79,259.41,534,2.7,86,344
PID003619,Home & Kitchen,Mid-range,47.79,21,4862.81,31.43,282,3.4,,245
PID003620,Beauty & Personal Care,Budget,18.85,19.2,4232.09,56.13,346,3.5,71.9,390
PID003621,Grocery,Budget,10.55,26,2883.38,54.91,478,3.7,79.6,467
PID003622,Sports & Fitness,Budget,28.31,12.8,4396.44,73.02,289,3.4,81.5,226
PID003623,Electronics,Mid-range,230.54,3.1,4209.88,63.13,164,4.2,75.2,5
PID003624,Grocery,Mid-range,14.57,17.8,2118.91,81.76,278,4.1,97.2,347
PID003625,Grocery,Mid-range,13.41,14.9,4004.12,72.61,342,3.3,82.5,299
PID003626,Sports & Fitness,Mid-range,105.48,,6386.1,19.19,163,4.6,,311
PID003627,Home & Kitchen,Premium,135.9,2.7,7924.42,76.75,140,3.9,75.1,231
PID003628,Home & Kitchen,Premium,82.41,14.4,5039.6,36.18,150,4.3,73,195
PID003629,Grocery,Budget,12.41,18,6111.61,22.56,,,74.2,343
PID003630,Beauty & Personal Care,Mid-range,26.04,23,4699.61,56.28,251,4,72.8,377
PID003631,Beauty & Personal Care,Premium,46.37,3.8,4782.11,110.93,121,3.9,74.9,250
PID003632,Toys & Games,Budget,22.27,20,3215.11,54.29,600,3.6,81.4,368
PID003633,GROCERY,Mid-range,24.7,20.3,4715.81,72.41,255,3.5,81.1,322
PID003634,Home & Kitchen,Mid-range,26.57,8.6,4123.39,112.82,253,3.9,70.1,314
PID003635,Toys & Games,Budget,8.56,30,3376.28,46.54,473,4.2,76.6,380
PID003636,Beauty & Personal Care,Budget,14.97,25.8,5053.93,20.93,317,4,88.3,607
PID003637,Grocery,Budget,10.28,33.1,3543.16,151.58,341,3.7,80.4,482
PID003638,Furniture,Premium,490.43,7.2,1587.94,82.63,188,4.9,78.8,5
PID003639,Home & Kitchen,Mid-range,108.36,1.2,,21.61,316,4.3,80.1,254
PID003640,Electronics,Mid-range,240.5,16.9,3172.61,271.65,296,4.3,84.2,465
PID003641,Toys & Games,BUDGET,16.36,20.3,4956.21,20.32,273,3.9,83.7,325
PID003642,Apparel,,52.54,19.6,4714.53,136.16,306,4.2,84.1,480
PID003643,Furniture,Budget,191.89,18.9,2081.34,147.4,232,3.6,73.3,21
PID003644,Home & Kitchen,Mid-range,78.79,13.3,3198.68,55.8,123,3.6,79.3,73
PID003645,Apparel,Mid-range,30.37,12.9,8051.35,113.73,214,4,94.6,561
PID003646,Apparel,Mid-range,39.67,12.1,3051.21,,216,3.3,68.7,33
PID003647,Sports & Fitness,Mid-range,45.94,24.4,6411.7,178.87,282,3.8,90.5,706
PID003648,Electronics,Mid-range,280.97,7.3,4281.23,261.49,148,4.4,103.8,900
PID003649,Grocery,Premium,29.79,14.1,6314.77,78.43,114,5,67.2,395
PID003650,Electronics,Premium,452.8,6.4,3189.68,72.75,70,4.5,,5
PID003651,Furniture,Premium,622.45,4.4,11495.72,49,116,3.9,96.4,247
PID003652,Apparel,Premium,81.37,3.6,5504.41,96.63,195,3.6,79.2,150
PID003653,Toys & Games,Budget,14.34,10.6,1950.59,50.78,408,3.2,79,154
PID003654,Apparel,Premium,55.54,2.1,6913.31,77.62,151,4.1,97.9,377
PID003655,Home & Kitchen,Premium,115.7,11.3,10087.35,205.84,84,4.5,85.1,636
PID003656,,Mid-range,40.94,1.3,4346.01,141.34,262,4,,327
PID003657,Electronics,Budget,170.83,17.8,1200.51,88.39,324,3.6,69.4,5
PID003658,Electronics,Mid-range,283.27,19,2449.57,217.46,247,3.5,86.4,203
PID003659,Sports & Fitness,,38.81,9.4,4165.58,152.72,511,3.5,76.8,466
PID003660,Apparel,Mid-range,41.17,43,2358.31,118.85,351,4.4,93.9,591
PID003661,Sports & Fitness,Mid-range,59.13,7.8,2694.59,115.34,355,3.6,87.1,248
PID003662,Electronics,Budget,267,19.4,3060.39,193.84,288,3.4,81.7,168
PID003663,Electronics,Budget,132.19,20.6,3512.8,41.12,349,3.3,100,374
PID003664,Grocery,Budget,7.25,19.5,2025.89,15.02,230,3.4,96.2,143
PID003665,Toys & Games,Budget,15.38,19.9,3198.06,76.51,251,3.5,78.5,157
PID003666,Beauty & Personal Care,Budget,10.38,7.5,3461.3,16.15,575,2.8,87.9,191
PID003667,Apparel,Mid-range,25.34,14.6,2574.64,103.81,251,3.9,84.1,195
PID003668,Beauty & Personal Care,Budget,14.77,12.7,3443.17,97.75,525,4,80.2,593
PID003669,Electronics,Mid-range,233.83,0.8,1829.09,166.56,285,4,60.5,18
PID003670,Furniture,Premium,633.96,6,6078.66,175.52,123,3.3,80.4,5
PID003671,Electronics,Premium,680.35,3.7,8075.09,195.18,196,3.9,85,156
PID003672,Apparel,Mid-range,22.75,11.6,6138.94,78.67,139,3.8,90.3,328
PID003673,Sports & Fitness,Mid-range,46.79,9.7,7213.89,85.51,195,3.3,71.3,228
PID003674,Apparel,Mid-range,19.25,16,5418.91,51.41,349,3.8,78.8,390
PID003675,Beauty & Personal Care,Premium,41.49,4.6,,93.2,92,3.8,98.2,523
PID003676,Home & Kitchen,Budget,33.22,52.7,4922.4,68.22,,3.8,65.2,673
PID003677,Apparel,Mid-range,35.59,15.1,4304.63,121.16,288,3.6,100,446
PID003678,Beauty & Personal Care,Mid-range,22.54,40.5,7045.12,74.71,319,3.2,94,759
PID003679,Home & Kitchen,Mid-range,73.39,7,5277.58,68.96,327,4.1,76.6,351
PID003680,Grocery,Mid-range,22.31,28.3,6062.34,93.8,314,4.3,71.6,579
PID003681,Furniture,Mid-range,237.36,23,3273.18,377.93,,3.9,89.6,517
PID003682,Home & Kitchen,Budget,47.4,4.1,3394.37,60.2,517,3.9,89.9,503
PID003683,Home & Kitchen,Mid-range,70.5,16.6,3084.63,163.73,320,4,100,550
PID003684,Home & Kitchen,Budget,38.96,20,3870.97,60.66,552,3.1,83.4,349
PID003685,Electronics,Premium,343.28,16.5,7553.8,186.12,131,3.6,100,447
PID003686,Beauty & Personal Care,Mid-range,20.41,31.5,1065.88,43.95,294,3.8,95.3,295
PID003687,Home & Kitchen,Mid-range,95.13,,4529.94,198.61,221,3.8,80,332
PID003688,Apparel,Budget,31.88,19,2086.81,79.42,580,3.7,78,372
PID003689,Electronics,Mid-range,151.88,18.2,5361.29,158.33,336,3.5,81,390
PID003690,Electronics,Premium,735.26,10.3,3443.68,143.47,142,4.5,,5
PID003691,Toys & Games,Mid-range,33.65,6.5,4873.45,73.2,347,0,89.8,336
PID003692,Sports & Fitness,Mid-range,95.24,10.3,2723.31,62.04,357,3.5,78,21
PID003693,Apparel,,43.21,17.1,2188.11,79.36,71,3.1,86.9,62
PID003694,Furniture,Mid-range,282.26,7.4,3185.81,84.31,174,3.4,95.8,15
PID003695,Sports & Fitness,Mid-range,71.11,15.6,,54.75,133,3.8,85.7,352
PID003696,Apparel,Budget,33.39,2.2,1508.49,89.86,267,3.5,78,5
PID003697,Electronics,Mid-range,236.43,11.7,429.03,290.62,125,3.4,90.1,136
PID003698,Electronics,Mid-range,309.64,33.2,,159.46,215,3.4,84.9,175
PID003699,Beauty & Personal Care,mid-range,11.91,34.1,5282.62,19.53,227,2.9,93.2,386
PID003700,Apparel,Mid-range,51.84,21.6,3606.65,54.66,373,3.6,69.9,251
PID003701,Furniture,Mid-range,284.34,23.4,1687.22,361.69,195,4.1,75.2,389
PID003702,Toys & Games,Mid-range,31.94,35.7,4820.94,84.69,302,3.3,92.5,454
PID003703,Sports & Fitness,Mid-range,64.18,,1294.92,109.3,379,3.6,79.3,206
PID003704,Beauty & Personal Care,Budget,9.25,3.2,3668.62,36.89,433,4,94.2,491
PID003705,Home & Kitchen,Budget,31.62,22.3,2025.27,36.15,,4,70.5,134
PID003706,Toys & Games,Mid-range,20.83,13.4,3718.68,26.28,144,3.4,89.6,90
PID003707,Grocery,Budget,5.72,22.2,534.15,113.32,,3.4,90.5,277
PID003708,Toys & Games,Premium,46.77,2.6,3123.09,18.44,111,4.8,73,159
PID003709,Grocery,Budget,15.24,12.1,3332.26,51.06,306,4.3,78.4,330
PID003710,Toys & Games,Budget,17.27,22.2,3453.29,96.4,587,3.1,,299
PID003711,Grocery,Mid-range,24.46,9.5,8223.1,71.06,258,4,,479
PID003712,Grocery,Mid-range,30.22,10.9,5120.62,15.02,211,3.4,95.5,262
PID003713,Electronics,Mid-range,215.18,25.4,4174.62,41.12,179,4.1,94.7,327
PID003714,Beauty & Personal Care,Budget,18.46,21.7,6101.29,57.7,394,2.7,86,439
PID003715,Electronics,Premium,402.97,,4097.65,74.88,194,4.9,81.1,226
PID003716,Electronics,Mid-range,219.69,10.6,1893.25,118.43,197,3.9,91.8,111
PID003717,Beauty & Personal Care,Premium,41.86,8.2,8909.1,16.97,134,4.2,86.8,543
PID003718,Apparel,premium,67.52,3,8150.51,195.36,210,4.4,72.2,442
PID003719,Apparel,Budget,39.37,25,4355.93,18.06,535,3.7,74.2,352
PID003720,Electronics,Budget,189.48,9,3546.26,53.64,225,3.1,78.5,6
PID003721,Furniture,Budget,157.13,16.6,4377.68,341.08,512,3.8,83.5,676
PID003722,Beauty & Personal Care,Mid-range,21.67,12.1,4320.85,42.28,145,4.1,78.2,186
PID003723,Furniture,Mid-range,442.69,6.2,2249.94,319.95,182,5,79.7,351
PID003724,Beauty & Personal Care,Mid-range,37.51,20.5,2637.78,84.41,222,3.4,94.4,318
PID003725,Apparel,Mid-range,46.11,11.7,4830.44,74.97,205,3.9,96.2,340
PID003726,Home & Kitchen,Mid-range,68.28,10.9,,154.02,296,4,65.9,401
PID003727,Sports & Fitness,Mid-range,87.65,6.7,4159.55,133.2,227,3.9,93.4,368
PID003728,Apparel,Mid-range,59,5.7,3994.41,18.06,237,3.8,89.8,164
PID003729,Toys & Games,Mid-range,36.03,20.7,4164.13,35.6,211,3.9,89,302
PID003730,Grocery,Mid-range,12.91,16,6980.81,24.18,295,4.6,80.8,585
PID003731,Beauty & Personal Care,Premium,18.06,11.9,4303.5,72.28,185,3.9,87.7,285
PID003732,Grocery,Budget,10.41,25.9,2610.25,61.04,225,3.2,84.3,150
PID003733,Apparel,Mid-range,57.17,5.2,3185.3,98.7,122,4.2,94.5,280
PID003734,Electronics,Premium,531.59,16.4,4428.46,116.89,65,3.7,93.3,5
PID003735,Electronics,Budget,258.04,12.4,2259.2,176.16,328,4.2,90.5,364
PID003736,Toys & Games,Mid-range,39.97,9.6,3462.01,67.62,246,4.1,,233
PID003737,Grocery,Budget,13.09,12.5,3276.77,106.77,347,3.5,83.1,338
PID003738,Furniture,Mid-range,315.69,7.7,2250.69,49,230,4,90,5
PID003739,Apparel,Mid-range,51.87,10.4,4929.48,76.18,344,3.6,88.5,440
PID003740,Grocery,Mid-range,23.69,15.3,2664.69,,376,4.4,98.3,502
PID003741,Beauty & Personal Care,Mid-range,,2.5,3318.85,126.2,279,4.1,100,481
PID003742,Sports & Fitness,Mid-range,53.57,28.4,3856.54,176.67,219,4.3,68.9,413
PID003743,Sports & Fitness,Mid-range,18.54,7.8,2831.7,102.19,355,4,88.1,363
PID003744,Sports & Fitness,Budget,56.64,13.9,4145.29,103.35,311,2.9,79.7,122
PID003745,Furniture,Mid-range,332.31,11.3,5317.73,49,122,3.9,81.7,39
PID003746,Home & Kitchen,Premium,56.2,9.5,4844.87,53.43,74,4.3,95.1,332
PID003747,Sports & Fitness,Mid-range,58.73,14.1,4099.06,42.36,379,3.8,74.3,274
PID003748,Grocery,Budget,10.59,15.9,1279.06,55.74,519,3,100,295
PID003749,Apparel,Mid-range,30.3,22.7,2612.58,18.06,146,3.6,77.4,57
PID003750,Apparel,Budget,32.17,19.1,1842.84,65.93,323,,,256
PID003751,Furniture,Premium,385.09,3.8,4329.97,174.98,158,4,87.6,72
PID003752,Grocery,Budget,20.32,35.7,2741.14,77.34,573,3.1,87.8,446
PID003753,Home & Kitchen,Premium,34.49,3.6,6555.22,79.34,76,4.1,72.5,248
PID003754,Grocery,Budget,18.22,12.9,2097.6,67.47,373,2.8,88.9,99
PID003755,Beauty & Personal Care,Premium,79.93,1.9,7202.2,16.15,173,3.8,83.8,293
PID003756,Home & Kitchen,Mid-range,84.75,10,,95.31,346,4.1,83.7,410
PID003757,Electronics,Premium,558.63,1,5052.59,313.96,104,4.9,86.4,314
PID003758,Beauty and Personal Care,Budget,14.12,31.6,6077.15,16.15,362,4,89,626
PID003759,Apparel,Mid-range,53.2,8.6,150,95.68,141,4.7,81.9,186
PID003760,Beauty & Personal Care,Premium,54.51,12.5,5357.51,75.95,144,4.6,79.4,331
PID003761,Sports & Fitness,Budget,17.03,12.2,150,110.16,550,3.7,91.9,276
PID003762,,Mid-range,34.57,16.3,6458.88,98.91,139,3.9,,348
PID003763,Toys & Games,Mid-range,44.87,7,3883.31,72.57,303,3.8,84.7,276
PID003764,Home & Kitchen,Budget,50.58,22.6,5590.61,201.52,335,4,65.3,481
PID003765,Furniture,PREMIUM,384.35,5.3,4204.9,272.97,134,4.8,89.7,360
PID003766,Grocery,Budget,13.32,15.1,4727.27,48.32,474,3.5,100,492
PID003767,Grocery,,16.78,16.2,5384.1,101.24,371,3.6,91,448
PID003768,Electronics,Mid-range,316.91,14.3,4657.5,360.18,248,3.9,82.7,527
PID003769,HOME & KITCHEN,Mid-range,102.81,15.8,3534.55,88.38,364,3.8,70.3,243
PID003770,Home & Kitchen,Budget,51.19,46.2,4344.49,153.14,523,3.8,80.2,740
PID003771,,Budget,9.45,12.4,4423.2,36.91,276,3.7,67.4,143
PID003772,Beauty & Personal Care,Mid-range,28.62,15.1,3814.68,68.15,294,4.1,92.3,450
PID003773,Sports & Fitness,Mid-range,64.45,28.7,5971.38,86.86,171,3.3,96.6,401
PID003774,Furniture,Mid-range,333.51,36,2417.78,326.11,321,3.9,84.6,444
PID003775,Toys & Games,Mid-range,32.14,22.7,8814.82,69.21,373,3.8,91.9,660
PID003776,Home & Kitchen,Mid-range,61.99,17.6,7700.44,62.69,361,3.7,69.5,448
PID003777,Toys & Games,Premium,26.95,7.8,7156.03,88.01,198,4.7,75.1,397
PID003778,Grocery,Budget,9.39,4.9,1721.95,15.02,536,4.2,82.3,279
PID003779,Furniture,Mid-range,325.99,23.2,4075.22,144.22,207,4.3,88.8,300
PID003780,Home & Kitchen,Budget,22.35,36.2,3618.38,127.2,385,3.5,65.8,419
PID003781,Apparel,Mid-range,51.48,31.4,2759.86,57.48,268,,80.7,266
PID003782,Home & Kitchen,Budget,50.95,15.9,4254.92,36.57,315,4.1,81,324
PID003783,Electronics,Mid-range,322.68,6.8,4940.92,142.12,177,3,85.5,5
PID003784,Home & Kitchen,Premium,74,2.8,7429.18,102.09,189,4,63.8,309
PID003785,Furniture,Premium,776.48,11.2,2289.5,416.39,62,4.1,76.1,5
PID003786,Apparel,Mid-range,28.71,,5405.32,149.12,217,3.8,84.2,330
PID003787,Electronics,Premium,418.58,2.5,,145.73,145,4.9,85,285
PID003788,Electronics,Premium,346.99,2.8,6096.93,96.91,68,4.6,71.2,108
PID003789,Furniture,Premium,595.26,6.6,7082.53,49,96,4.1,91.7,27
PID003790,Grocery,Mid-range,14.59,28.9,4910.29,69.7,149,3.7,89.4,453
PID003791,Electronics,Premium,415.94,23.2,5269.07,144.26,71,4,90.9,211
PID003792,Grocery,,16.15,5,1742.24,44.88,513,3.5,81,183
PID003793,Apparel,Mid-range,55.53,16,1674.12,31.89,235,3.7,96.3,228
PID003794,,Mid-range,187.7,6.2,4027.22,173.79,268,3.7,90.7,207
PID003795,Sports & Fitness,Budget,32.11,43.5,2102.28,120.74,580,2.7,80.2,451
PID003796,Furniture,Premium,386.04,4.2,8323.85,457.61,69,3.5,93.4,511
PID003797,Home & Kitchen,Budget,48.81,6.4,3714.37,94.92,520,3.1,99.5,367
PID003798,Beauty & Personal Care,Premium,29.81,17.7,5699.59,64.38,115,4.2,76.1,410
PID003799,Toys & Games,Premium,24.08,10.3,,79.1,196,3.5,72.5,62
PID003800,Toys & Games,Budget,9,27.2,5565.74,64.12,575,3.7,82.3,545
PID003801,Apparel,Mid-range,16.94,11.2,6042.52,18.06,238,3.9,85.4,330
PID003802,Electronics,Premium,518.09,18.6,2966.19,259.71,109,4.3,79.2,71
PID003803,Home & Kitchen,Budget,17.69,30.1,4946.69,99.44,456,3,,423
PID003804,Electronics,Mid-range,289.08,7.3,7000.3,142.16,168,3.4,100,308
PID003805,Apparel,Premium,75.21,7.8,9228.34,77.72,63,4.2,91.2,498
PID003806,Apparel,Mid-range,56.61,8.5,993.28,145.9,204,4.3,100,308
PID003807,Sports & Fitness,Mid-range,55.28,5,5588.44,19.19,375,3.4,82.4,216
PID003808,Electronics,Mid-range,290.3,3.4,3401.48,189.24,122,4.2,69.7,32
PID003809,Sports & Fitness,Mid-range,82.67,17.1,9031.85,80.34,245,3.9,85.4,483
PID003810,Beauty & Personal Care,Budget,30.88,8,3186.59,24.67,534,3.8,80.5,412
PID003811,Toys & Games,Mid-range,43.24,28.3,7227.09,23.1,276,,66,348
PID003812,Apparel,Budget,15.04,7.1,6037.55,95.96,403,3.2,,297
PID003813,Grocery,Mid-range,29.43,27.6,6058.18,89.14,245,3.6,75.1,436
PID003814,Electronics,Mid-range,318.49,27.8,5734.33,287.09,313,3.3,93.9,507
PID003815,Beauty & Personal Care,Premium,55.06,2.2,1379.21,45.11,182,3.8,86.3,5
PID003816,Home & Kitchen,Budget,45.68,19.3,3317.78,20.31,335,3.8,78.6,147
PID003817,Beauty & Personal Care,Budget,18.05,17.1,3012.22,122.37,586,3.2,82.3,502
PID003818,Toys & Games,Budget,24.57,8.8,2435.98,23.71,594,3.2,78.6,155
PID003819,Electronics,Premium,397.3,5,7521.16,,125,4.1,76.4,158
PID003820,Apparel,Mid-range,33.68,19,,77.98,139,3.2,77.6,105
PID003821,Sports & Fitness,Mid-range,27.76,8.9,4825.61,19.19,123,4.3,88.3,279
PID003822,Furniture,Premium,343.86,19.7,2084.96,49,198,4.7,75.6,113
PID003823,Furniture,Mid-range,261.88,7.2,3454.97,281.63,143,3.7,81.9,207
PID003824,Beauty & Personal Care,Budget,29.02,26.5,5158.55,82.04,525,3.9,68.8,668
PID003825,Apparel,Mid-range,36.11,8.8,1474.38,102.64,285,3.8,63.8,5
PID003826,Grocery,Budget,14.2,16.8,4881.94,98.74,581,3.1,76.2,505
PID003827,Furniture,Premium,433.19,3.4,2906.04,367.47,156,4.3,94.1,296
PID003828,Apparel,Mid-range,,12.8,5960.06,86.52,162,4,84.6,341
PID003829,Electronics,Premium,528.99,3.6,3003.48,52.65,111,4.1,85.7,5
PID003830,Apparel,Budget,23.59,18,1029.29,125.88,272,4.3,86.3,357
PID003831,Toys & Games,Budget,27.23,25.8,2202.42,70.15,447,3.2,99.2,387
PID003832,Apparel,Premium,41.01,9.1,3058.54,18.06,196,3.7,77.4,102
PID003833,Electronics,Budget,212.02,14.1,4973.1,,256,3.6,74.4,100
PID003834,Furniture,Mid-range,163.91,9.3,3962.79,49,369,3.6,100,338
PID003835,Furniture,Premium,741.69,11.5,5231.17,455.89,202,4,96.7,340
PID003836,Electronics,Mid-range,372.6,13.8,,41.12,167,3.7,78.2,5
PID003837,Home & Kitchen,Midrange,37.77,11.2,3930.38,20.31,243,4.3,91.5,345
PID003838,Beauty & Personal Care,Premium,32.51,3.4,691.24,126.15,150,3.7,,100
PID003839,Apparel,Budget,25.64,6.7,4976.69,88.18,487,3.3,91.1,401
PID003840,APPAREL,Budget,16.72,4.9,2608.57,95.72,438,3.4,84.5,241
PID003841,Electronics,Budget,170.17,24,2085.53,181.87,284,3.7,87.2,325
PID003842,Grocery,Mid-range,20.4,4.5,4326.91,15.02,217,4,82.8,120
PID003843,Apparel,Mid-range,47.08,12.6,6500.86,69.17,147,3.7,91,356
PID003844,Beauty & Personal Care,Mid-range,35.75,15.7,6276.24,55.39,209,3.6,82.3,342
PID003845,Home & Kitchen,,79.8,16.5,3256.65,46.39,,4,83.9,371
PID003846,Electronics,Mid-range,255.49,10.6,5280.19,60.24,243,4.2,86.7,279
PID003847,Electronic,Mid-range,223.39,4.9,4027.38,41.12,139,4.2,87.5,5
PID003848,Electronics,Premium,352.33,3.4,2776.07,175.54,187,3.9,82.4,6
PID003849,Furniture,Mid-range,359.65,8.6,2876.24,49,252,3.8,82.6,5
PID003850,Grocery,Budget,7.19,21.8,2475.97,60.67,345,3.4,79.6,173
PID003851,Sports & Fitness,Budget,21.52,24.4,3072.92,96.32,260,3.6,90.2,417
PID003852,Toys & Games,Premium,53.22,17.2,,79.85,166,4.1,94,348
PID003853,Home & Kitchen,Mid-range,58.22,5.8,6762.48,72.5,340,4.5,91.8,612
PID003854,Apparel,Budget,16.48,33.1,2441.76,18.06,548,2.6,85.7,231
PID003855,Home & Kitchen,Mid-range,76.62,19.4,7617.65,30.22,260,,84.4,364
PID003856,Beauty & Personal Care,Budget,14.13,27.1,747.33,38.41,362,,79.8,179
PID003857,Apparel,Mid-range,62.99,15,3045.26,18.06,360,3.9,84.1,240
PID003858,Furniture,Mid-range,323.95,5.6,5615.95,435.73,352,3.2,70.6,329
PID003859,Grocery,Budget,13.55,21.1,5029.76,20.56,275,4.1,79.8,365
PID003860,Furniture,Budget,192.37,11.2,5948.85,110.51,523,3.4,80.1,383
PID003861,Electronics,Mid-range,378.97,30.3,2867.04,244.98,358,4.5,85.8,449
PID003862,Toys & Games,Budget,19.03,22.9,986.87,44.31,313,3.3,92.8,162
PID003863,Sports & Fitness,Budget,15.12,31.2,2836.5,98.57,523,3.5,84.2,523
PID003864,Sports & Fitness,Budget,50,24.2,3928.4,42.26,474,3.6,83.9,355
PID003865,Apparel,Mid-range,35.7,21.1,3774.4,28.62,148,4.1,85.4,174
PID003866,Grocery,Premium,48.79,9.5,4254.03,15.02,137,4.7,100,369
PID003867,Beauty & Personal Care,Budget,19.44,13.6,,51.34,367,3.3,96,397
PID003868,Grocery,Premium,35.14,5.4,4604.75,19.97,95,4.5,80.5,216
PID003869,Toys & Games,Mid-range,28.14,21.4,1999.03,30.85,301,3.9,78,161
PID003870,Grocery,Budget,,8.9,3259.08,15.02,521,3,77.1,180
PID003871,Home & Kitchen,Mid-range,52.41,6.3,7001.63,136.18,205,4.3,89.4,430
PID003872,Toys & Games,Premium,79.01,1.8,8004.02,158.2,104,4,90.2,383
PID003873,Grocery,Mid-range,21.96,,3676.69,19.45,334,3.7,83.8,382
PID003874,Electronics,Mid-range,,24.2,2481.13,41.12,350,4.6,96.6,362
PID003875,Electronics,Premium,349.14,9.2,8117.38,62.4,72,3.7,87.9,42
PID003876,Furniture,Budget,216.5,22.3,6037.61,152.8,499,2.9,81.3,372
PID003877,Grocery,Budget,17.47,41.2,3580.8,96.44,414,3.5,80,479
PID003878,Grocery,Budget,8.14,32.5,3665.66,63.71,226,3.5,100,469
PID003879,Apparel,Budget,41.11,10.2,2550.57,37.98,359,3.6,66.4,22
PID003880,Beauty & Personal Care,Mid-range,29.01,4.7,1478.44,16.15,345,3.9,86.4,168
PID003881,Apparel,Mid-range,29.39,9.6,2750.82,83.12,285,3.8,90.4,276
PID003882,Apparel,Mid-range,36.31,5,6477.71,41.22,302,3.4,88.2,295
PID003883,Apparel,Premium,104.69,12.5,3950.96,90.27,131,4.6,83.9,185
PID003884,Electronics,Mid-range,248.93,7.1,1343.55,165.2,235,3.8,100,161
PID003885,Apparel,Budget,24.5,17.7,3465.32,159.57,357,3.5,72.3,293
PID003886,Beauty & Personal Care,Mid-range,33.64,9.7,4321.31,,145,3.9,83.3,174
PID003887,Home & Kitchen,Budget,43.77,12.7,4669.23,39.98,255,3.8,96.6,341
PID003888,Grocery,Budget,4.8,21.8,4776.79,15.02,553,3.6,78,402
PID003889,Apparel,Mid-range,60.17,27.8,2358.39,145.96,293,4.1,89.2,485
PID003890,Sports & Fitness,Premium,40.8,8.5,4635.44,19.19,143,3.8,75.2,124
PID003891,Sports & Fitness,Budget,23.61,6.1,3301.31,141.46,397,3.4,99.4,426
PID003892,Home & Kitchen,,,25.7,3411.79,20.31,530,3,68.9,191
PID003893,Home & Kitchen,Budget,49.84,43.5,4087.82,97.18,392,3.3,84.5,467
PID003894,Beauty & Personal Care,Budget,10.18,15.2,3427.78,85.84,561,3.3,85.1,453
PID003895,Beauty & Personal Care,Mid-range,34.99,19.3,5346.38,78.12,344,3.8,70.4,387
PID003896,Grocery,,8.66,45,2098.38,,580,3.8,88.2,566
PID003897,Grocery,Budget,12.05,19.7,2451.83,15.02,,4.8,75.8,543
PID003898,Apparel,Premium,75.02,7.4,5666.36,45.58,203,4.2,85.3,298
PID003899,Beauty & Personal Care,Budget,13.86,17.4,4790.98,111.83,346,2.5,75.4,202
PID003900,Home & Kitchen,Premium,150.57,11.6,,20.31,67,4.3,88.9,371
PID003901,Home & Kitchen,Budget,33.03,12,3277,122.3,561,3.9,91.7,414
PID003902,Apparel,Budget,35.84,10.2,3071.45,70.27,584,3.7,98.2,439
PID003903,Toys & Games,Premium,58.77,3.1,4207.17,66.27,102,4.4,58.9,22
PID003904,Beauty & Personal Care,Mid-range,27.75,5.8,1601.57,16.15,329,4.6,91.6,318
PID003905,Furniture,Premium,541.08,4.5,4646.11,49,142,3.9,87.2,5
PID003906,Grocery,Budget,15.8,33.1,2504.75,95.25,271,4.6,83.4,458
PID003907,Toys & Games,Premium,97.06,12.5,5848.38,98.11,212,3.6,60,113
PID003908,Toys & Games,Budget,31.23,27.8,3886.58,138.29,535,4,85.5,558
PID003909,Toys & Games,Premium,31.19,13.8,3568.45,16.6,171,4.3,92.9,226
PID003910,Apparel,Budget,31.69,6.6,1352.41,71.16,241,3.6,88.7,77
PID003911,Electronics,Premium,363.22,9,4809.76,94.93,199,4.5,81.7,173
PID003912,Apparel,Budget,11.04,44.2,1228.14,25.11,374,3.8,95.4,488
PID003913,Toys & Games,Budget,11.17,57.3,4990.14,16.6,309,3.8,88.5,562
PID003914,Apparel,Premium,41.36,7.9,6791.55,43.97,77,4.4,89.9,327
PID003915,Electronics,Budget,203.09,8.5,3345.47,62.27,,3.5,79.4,128
PID003916,Home & Kitchen,Budget,21.14,29.9,1492.88,285.77,395,3.9,100,624
PID003917,Apparel,Mid-range,68.53,6.2,3763.1,197.74,203,4.4,81.5,399
PID003918,Sports & Fitness,Mid-range,49.26,11.3,1216.4,102.63,314,3.7,83.3,186
PID003919,,Mid-range,15.1,19.3,1987.99,21.58,145,3.8,78.3,189
PID003920,Grocery,Budget,13.97,23.4,4737.37,37.95,314,3,85.4,190
PID003921,Toys & Games,Mid-range,27.28,23.8,4737.52,32.6,174,3.4,75.2,183
PID003922,Apparel,Mid-range,36.62,6.6,7606.13,149.55,377,4.1,78.5,475
PID003923,Beauty & Personal Care,Mid-range,39.39,5.3,4474.67,16.15,180,3.2,79.5,49
PID003924,Grocery,Mid-range,14.08,28.6,4222.26,96.52,211,3.8,100,593
PID003925,Electronics,Mid-range,289.8,17.4,6748,176.79,180,4,85.4,385
PID003926,Electronics,Mid-range,264.8,8.8,5944.12,308.55,216,4.2,74.9,444
PID003927,Electronics,Mid-range,146.53,12.9,3166.38,172.12,208,4.4,80.9,306
PID003928,,Mid-range,18.06,3,4080.59,78.53,308,3.1,88.2,183
PID003929,Home & Kitchen,Budget,37.8,30.9,1834.71,104.44,515,3.2,70.1,330
PID003930,Furniture,Mid-range,388.82,16.5,7210.51,173.34,190,4.3,79.4,342
PID003931,Apparel,Budget,15.97,14.8,2551.1,90.96,415,4.1,100,571
PID003932,Sports & Fitness,Mid-range,42,14.8,2557.93,97.15,190,2.8,81.6,56
PID003933,Apparel,Mid-range,39.89,2.6,6096.17,61.17,204,3.8,81.8,126
PID003934,Apparel,Premium,97.55,8.2,2868.97,149.74,,4.5,87.7,277
PID003935,Apparel,Budget,14.92,29.4,3694.13,29.69,282,3.3,86,272
PID003936,Apparel,Mid-range,53.37,3.9,3114.45,90.47,259,3.6,60.8,8
PID003937,Furniture,Budget,260.64,19.7,5531.68,292.46,,3.4,85.9,422
PID003938,Electronics,Budget,194.22,21.3,4661.4,177.52,498,3.6,93.6,568
PID003939,Home & Kitchen,Mid-range,33.67,34.6,2570.3,88.79,169,3.5,80.1,242
PID003940,Sports & Fitness,Premium,92.58,7.9,5758.18,101.47,89,4.2,98.2,347
PID003941,Apparel,Mid-range,46.76,6.9,2533.64,76.7,286,3.9,77.5,181
PID003942,Furniture,Premium,718.38,8.8,7414.63,,92,3.4,69.2,5
PID003943,Beauty & Personal Care,Premium,38.49,10.7,4420.6,83.22,215,4.4,81.3,402
PID003944,Apparel,Budget,44.21,47.2,1619.31,154.21,229,3.6,84.8,448
PID003945,Furniture,Premium,672.6,6.9,8009.2,258.27,213,4.7,100,433
PID003946,Electronics,Mid-range,183.88,4.5,5177.77,41.12,172,3.7,83.8,123
PID003947,Electronics,Mid-range,128.98,8.4,4955.32,94.11,321,4.3,83.1,423
PID003948,Electronics,Mid-range,145.17,23.5,5954.39,41.12,352,4.3,75.8,453
PID003949,Grocery,Budget,9.66,19.2,2896.54,20.72,570,3.6,92.3,407
PID003950,Apparel,Mid-range,80.95,6.9,5199.85,147.54,212,3.8,86.9,329
PID003951,Apparel,Budget,42.93,51.3,1635.14,52.52,495,3.6,80.2,458
PID003952,Apparel,Mid-range,62.3,24.4,4683.71,80.46,278,3.8,100,432
PID003953,Home & Kitchen,Mid-range,64.24,7.9,1897.07,88.8,143,3.5,81.8,46
PID003954,Toys & Games,Mid-range,46.82,0.8,5836.22,16.6,278,3.8,92,261
PID003955,Toys & Games,Budget,10.24,39.6,4597.44,82.18,432,3.8,84.5,535
PID003956,Electronics,Mid-range,241.36,16.3,4019.97,87.05,220,3.6,89.9,93
PID003957,Electronics,Budget,183.28,22.4,3395.61,,269,3,92.1,517
PID003958,Grocery,Mid-range,15.13,4.3,4338.66,83.45,273,3.9,85.6,289
PID003959,Sports & Fitness,Budget,20.6,5.9,364.78,77.34,526,4.2,86.3,354
PID003960,Apparel,Mid-range,43.87,6.5,4137.63,71.9,312,3.7,82.7,253
PID003961,Home & Kitchen,Budget,28.84,20.4,1982.03,41.25,564,3.7,87.8,369
PID003962,Furniture,Budget,209,2.1,1139.76,273.36,427,3.4,80.1,102
PID003963,Toys & Games,Budget,28.99,23.4,4150.11,30.33,399,4,100,407
PID003964,Electronics,Premium,272.63,3.2,2073.12,311.91,168,3.5,93.7,273
PID003965,Home & Kitchen,Budget,53.38,34.8,,53.76,320,2.7,89.7,231
PID003966,Grocery,Mid-range,14.03,6.5,4177.62,23.41,226,3,76.8,73
PID003967,Home & Kitchen,Mid-range,62.73,7.5,3578.51,75.95,370,3.6,88.4,280
PID003968,Beauty & Personal Care,Mid-range,47.93,18.2,1938,52.81,351,3.2,77.8,95
PID003969,Sports & Fitness,Premium,95.73,14.4,6701.46,150.2,211,4.1,91.2,590
PID003970,Apparel,Budget,34.67,19.2,3073.94,103.92,250,3,82.7,98
PID003971,Sports & Fitness,Premium,77.41,8.7,8156.41,72.79,138,4.5,75.1,319
PID003972,Furniture,Mid-range,272.91,9,4106.94,49,256,3.9,89.6,139
PID003973,Furniture,Mid-range,510.36,7,3280.74,113.25,353,3.9,94.1,113
PID003974,Toys & Games,Mid-range,30.68,11.5,5256.32,153.22,194,4.6,100,465
PID003975,Electronics,Mid-range,315.97,25.3,3870.19,183.45,131,3.2,95,151
PID003976,Electronics,Mid-range,339.36,9,3783.64,97.6,362,4.2,86.8,224
PID003977,Toys & Games,Budget,19.3,17,2278.4,,564,3.5,87.4,234
PID003978,Toys & Games,Mid-range,27.01,12.8,6498.03,16.6,307,3.4,,333
PID003979,Electronics,Premium,415.11,10.3,1287.82,164.23,64,3.7,79.9,5
PID003980,Furniture,Mid-range,,19.6,3556.23,309.1,182,3.3,84.3,258
PID003981,Electronics,Premium,307.15,12.9,6657.97,393.98,204,4.1,81.8,583
PID003982,Beauty & Personal Care,Mid-range,17.72,40.9,5783.25,62.56,307,4,86.4,795
PID003983,Toys & Games,Budget,16.91,17.5,1148.05,55.21,417,3.1,74.7,131
PID003984,Furniture,Mid-range,118.25,12,6922.26,336.56,265,2.8,87.9,536
PID003985,Grocery,Budget,14.71,13.2,1732.11,57.79,371,3.3,77.2,97
PID003986,Home & Kitchen,Mid-range,84.37,12.2,1582.05,157.63,285,3.7,82.9,225
PID003987,Electronics,Budget,142.98,21.3,5056.62,203.87,290,4.5,85.1,604
PID003988,Apparel,Budget,,19.7,4278,23.18,500,3.1,89.5,338
PID003989,Home & Kitchen,Budget,30.85,16.9,1557.17,20.31,594,3.2,92.7,349
PID003990,Beauty & Personal Care,Budget,18.44,24.3,3709.49,107.28,569,3.8,88.3,635
PID003991,Grocery,Budget,21.36,26.6,3476.97,48.32,565,4,97.3,585
PID003992,Toys & Games,Budget,29.56,16.1,2558.19,78.38,450,4,98.6,474
PID003993,Home & Kitchen,Premium,122.41,14.5,5803.99,161.83,75,4.6,63.5,357
PID003994,Grocery,Budget,15.19,32.7,3645.55,35.46,296,3.4,89.2,332
PID003995,Grocery,Budget,3.5,14.3,5089.92,126.74,356,3.6,83.6,337
PID003996,BEAUTY & PERSONAL CARE,Mid-range,32.82,15.1,6049.28,90.5,380,3.9,83.9,671
PID003997,Sports & Fitness,Mid-range,54.63,32.3,3147.75,148.86,190,4.6,89.2,1907
PID003998,Grocery,Budget,11.04,13.4,1868.66,60.07,540,3.6,90.3,302
PID003999,Electronics,Premium,316.46,9.6,3276.81,48.37,140,3.5,75.1,5
PID004000,Toys & Games,Mid-range,42.06,43,606.43,96,182,3.7,76.3,131
